"NUTS_ID","pop_95","pop_21","pop_50","k_95","k_19","CNTR_CODE","ISO","emi_hist","pop_2000","eu_nhbc","eu_nhb","eu_pcc_nhb","eu_epc_s"
"AT11",277529,291011,292229,27.169808612565227,44.1604212859789,"AT","AUT",72199781.87324429,276226,-0.3808538764430374,-0.3660862782791162,-0.3260096130667262,0.018323237349532423
"AT12",1518489,1653691,1717492,160.74355306695156,261.2643733956536,"AT","AUT",431474520.5498301,1535083,-2.197525644465259,-2.1130286823521347,-1.883718782090567,0.08647836797876579
"AT13",1542667,1840226,2174734,17.7395397335764,28.832943184288872,"AT","AUT",456182485.00341254,1548537,-2.477807484947064,-2.381082555122573,-2.118588100219369,0.13672589350430941
"AT21",560708,560482,520755,39.867679487152685,64.798893026903,"AT","AUT",138296797.3027968,560696,-0.7254924050933824,-0.6973979494162035,-0.6211545358291924,0.033917730956240594
"AT22",1186136,1232012,1241974,86.27225631599266,140.22252561780144,"AT","AUT",306496726.7348638,1182930,-1.6231472066121975,-1.5601518809345536,-1.389193641882763,0.07965456299851548
"AT31",1360051,1453948,1564507,89.11652068908327,144.8454478752035,"AT","AUT",375726943.92253685,1370035,-1.9690956432690638,-1.892860695821773,-1.6859724508671197,0.09158111366521526
"AT32",506626,545815,576733,35.3752206370975,57.49707952290162,"AT","AUT",142420943.35929325,512854,-0.7340341562609604,-0.705728339651673,-0.628911329653041,0.031089193671584497
"AT33",649875,739139,815176,61.18301100551356,99.44374581639964,"AT","AUT",186358062.27189285,667459,-0.9913846052743913,-0.9528679981484705,-0.8483406977866619,0.0497425905596621
"AT34",341408,384147,442229,22.526077118733834,36.61273694153622,"AT","AUT",103987166.98212951,348366,-0.5332566498724298,-0.5127181916472312,-0.4569804267694669,0.0219103031473111
"BE10",951580,1201285,1408311,6.292162557667437,11.083660744581557,"BE","BEL",461069670.85662425,959318,-1.7303505231559562,-2.0341961929586447,-1.9423480343895625,0.1266437301035956
"BE21",1628710,1828927,1993930,79.4514187108336,139.953881133203,"BE","BEL",804860937.6131967,1643972,-2.7551324333337868,-3.2219964436439072,-3.080870194660312,0.09817064241052553
"BE22",771613,866970,860427,56.16609623805873,98.93672490892186,"BE","BEL",360041552.2562542,791178,-1.2454634667799562,-1.4574194056008059,-1.3933481858558672,0.04993416251700794
"BE23",1349382,1489084,1583797,84.52034917505019,148.8828153570636,"BE","BEL",677170623.5581754,1361623,-2.2562039974438215,-2.634199499589738,-2.5199369173977875,0.05396706965991338
"BE24",995266,1122600,1213677,60.530315737467056,106.62430893158597,"BE","BEL",560140955.0640004,1014704,-1.7547712518409186,-2.040746764693897,-1.9543004965326565,-0.0069929001343067565
"BE25",1121135,1184418,1173521,70.41032130788963,124.0279644941236,"BE","BEL",518193969.4968006,1128774,-1.7524494038762963,-2.047910545110155,-1.958596908458127,0.05330165944832099
"BE31",336505,397745,426314,22.47346452677691,39.58706633646203,"BE","BEL",187712687.33551827,349884,-0.6038307780469587,-0.7034428377106591,-0.6733315504333852,0.004961910922283402
"BE32",1286649,1341267,1347354,73.88047829212498,130.14065506611718,"BE","BEL",493896372.05311096,1279467,-1.9021295022089688,-2.2392381396672736,-2.137335066280102,0.15815591469609075
"BE33",1015007,1103490,1124326,60.39963155057339,106.39410839577084,"BE","BEL",422995915.9809913,1019442,-1.572265364096399,-1.84738221046953,-1.7642183603902633,0.10914876637831772
"BE34",240281,283257,293194,28.725578704589843,50.600181755551866,"BE","BEL",111754045.97260858,246820,-0.40125439850823447,-0.4705561833456516,-0.4496072544798857,0.02229291176702551
"BE35",434446,492074,502136,40.80051653230159,71.8702162099518,"BE","BEL",196929429.81271908,443903,-0.7040989180342301,-0.8255072356441535,-0.7888072543191503,0.03790457421874252
"BG31",1143962,783909,468488,6.021233242011131,23.143523614641754,"BG","BGR",109571714.7610221,1081257,0.23385454239510506,0.29061258774988297,0.5586576638545678,0.04719917098255359
"BG32",1089887,815441,544554,6.50893804633429,25.018091033335082,"BG","BGR",113210064.70956141,1047670,0.23962961464036864,0.29794341594765855,0.5733356922613139,0.0478579605347072
"BG33",1057657,944458,767785,5.211289898201307,20.03038347364904,"BG","BGR",125676445.0330825,1026019,0.27183372198903366,0.33753021321151355,0.6477879199289981,0.05578324151558778
"BG34",1245052,1052575,850331,5.508904813869931,21.17431156146811,"BG","BGR",142624971.95515394,1209686,0.3138784708615634,0.3893247786848592,0.7456268887364772,0.06576459519094016
"BG41",2165613,2121185,1857416,6.86628908812185,26.391623986123488,"BG","BGR",325324339.62796474,2142700,0.5611085032399514,0.7076092277800357,1.3994723392258335,0.0793239918053027
"BG42",1725247,1436216,1166452,7.338456890628159,28.206472580782535,"BG","BGR",194265503.91321534,1683544,0.4372986948355683,0.5416772875904639,1.0346147674455675,0.09403766679270581
"CY00",645399,848319,1046219,37.1166953125,65.53477604166666,"CY","CYP",188047693.5,690497,-2.3385449705534187,-4.069485378376772,-0.728727773520299,0.057679565333993904
"CZ01",1214584,1267449,1492355,14.443913115655457,18.902356121922967,"CZ","CZE",362218641.5007276,1186855,-1.736490749963689,-1.639759928939322,-1.430456229956723,0.05631545756611683
"CZ02",1108007,1326876,1569323,67.32777375022438,88.11002573420328,"CZ","CZE",330133688.45019186,1111354,-1.7051582788698174,-1.6083744929362265,-1.3989561898253928,0.0886295787383492
"CZ03",1183736,1214450,1238207,77.74457231444978,101.74220660753643,"CZ","CZE",296545197.4654652,1177982,-1.5359034976640364,-1.448668848002366,-1.25991272394301,0.08090094758856925
"CZ04",1130267,1120654,997968,65.60271778382233,85.85249192421124,"CZ","CZE",264151554.9074569,1131974,-1.3566825186034033,-1.279782597210798,-1.1133884962562648,0.06857837519680243
"CZ05",1493626,1507209,1453700,101.36067777283603,132.64796130246478,"CZ","CZE",362891746.5769709,1489407,-1.8725269981332509,-1.7662683784384297,-1.536348670165625,0.09686715127064949
"CZ06",1665042,1684500,1641401,88.92982594210595,116.38004371518463,"CZ","CZE",410060375.6530164,1658761,-2.102843169838371,-1.9836933533725405,-1.7258800002416503,0.10547604345733147
"CZ07",1252299,1219394,1100776,66.22039164719956,86.66082490428889,"CZ","CZE",291215950.66253704,1240355,-1.4920740526993317,-1.4075493145281555,-1.2246568282718222,0.0745049722522253
"CZ08",1285600,1213311,1036521,54.40754434037316,71.20167302352111,"CZ","CZE",291460046.78363425,1281410,-1.4804179570040574,-1.3967308370292022,-1.2156507677974382,0.07063667679686508
"DE11",3841565,4069533,4237503,164.6996560069056,236.51288848030072,"DE","DEU",1225138298.9168146,3917305,-5.231060401672949,-4.939537746757857,-4.365331059828292,0.10989120569264754
"DE12",2645136,2761977,2931812,121.66492567548033,174.71392288179672,"DE","DEU",792895307.1863687,2676257,-3.5477716403730604,-3.3472912411009954,-2.952408771696148,0.12520571725046425
"DE13",2071050,2224535,2262471,118.85468442356802,170.67834507956738,"DE","DEU",623345982.4543976,2125364,-2.7788014155862344,-2.6219426264486647,-2.3129808215669816,0.09498965295946615
"DE14",1714318,1823573,1924416,110.90416369153984,159.26119540940863,"DE","DEU",525463716.6541895,1757006,-2.3339047933015733,-2.2022992527048073,-1.9430782962077797,0.07722453657241923
"DE21",3959400,4588944,4920457,197.94123899223314,284.24864579838396,"DE","DEU",1468610263.8139696,4033643,-5.867172081613814,-5.547075887518842,-4.916588438220708,-0.0027280888782035273
"DE22",1131529,1212119,1240756,92.33150771451707,132.5903897843356,"DE","DEU",326233841.18346107,1170170,-1.5105635950549734,-1.4243764587883898,-1.2546152785261018,0.06846059471620358
"DE23",1047267,1092339,1099971,81.53802982018532,117.09068143382365,"DE","DEU",296661493.567667,1074338,-1.364756840671068,-1.2870284217695094,-1.1339282179080408,0.059296202448952284
"DE24",1104494,1059358,1000712,73.12227775225452,105.00544775102276,"DE","DEU",289913095.62835425,1114155,-1.3288084883450877,-1.2532050354333433,-1.104290337090149,0.05631330765727788
"DE25",1660294,1738686,1798453,73.4926883987181,105.53736684571281,"DE","DEU",497607641.4714239,1683282,-2.2079555972344087,-2.083488579628255,-1.838328237518826,0.0723897088317868
"DE26",1308151,1306048,1277074,67.25393063919451,96.57835227332083,"DE","DEU",365525348.3639668,1333803,-1.6480779089978446,-1.5547428121204254,-1.370902428367601,0.061903210089676586
"DE27",1710809,1846020,1902200,105.26150090948383,151.1581883621541,"DE","DEU",515344023.7487988,1745576,-2.307257028236871,-2.17685428373871,-1.9200024520804808,0.08183601852887168
"DE30",3472009,3520031,3992651,52.13585299670487,74.86840886369549,"DE","DEU",853709749.6106709,3386667,-4.478684498184298,-4.21488449518941,-3.6952825940067333,0.3543637272750739
"DE40",2536747,2484826,2320865,248.07144032986798,356.23688794726814,"DE","DEU",584795852.8536631,2601207,-3.002686870785305,-2.8267298774234453,-2.4801506991094033,0.22100010749415933
"DE50",680029,671489,721341,20.762403945412995,29.81533931508956,"DE","DEU",170347290.1493065,663065,-0.8504151218613727,-0.8009245988962232,-0.7034440472234663,0.05629481550889748
"DE60",1705872,1787408,1994063,40.6170800042079,58.327158333760515,"DE","DEU",531005671.85373574,1704735,-2.3479824371963645,-2.215755729595813,-1.9553112721417931,0.07452721887655123
"DE71",3669956,3922369,4061065,150.73384381853472,216.45762752391784,"DE","DEU",1162284482.0882928,3719354,-4.984293834215748,-4.706155047474009,-4.158310313801083,0.11145352906096351
"DE72",1049136,1040091,1167033,57.058211243197704,81.93704030615604,"DE","DEU",273603024.681151,1063503,-1.369319007619469,-1.2895805543531638,-1.1325212236323028,0.09155963409555734
"DE73",1261601,1213712,1146788,68.7949054693177,98.79123126155986,"DE","DEU",310443304.4753713,1269109,-1.497214984480865,-1.410850142115305,-1.2407389374942916,0.08506493742284205
"DE80",1832298,1612362,1484617,164.13960398156397,235.70863954970648,"DE","DEU",361108288.1486647,1789322,-1.969379703389259,-1.85234109385853,-1.6218123473326165,0.17487062898728722
"DE91",1678659,1598164,1665137,95.68572029005331,137.40712422113222,"DE","DEU",418784737.4227832,1669634,-2.0569389228469133,-1.9377256568259527,-1.7029135303382668,0.1271530303475923
"DE92",2130480,2132290,2047856,122.5083307552275,175.92507399410746,"DE","DEU",558957060.4849112,2152759,-2.622443591825559,-2.472277648362983,-2.1764986156479713,0.12872865357544128
"DE93",1581074,1699969,1609484,151.0055522268688,216.8478076981665,"DE","DEU",449579079.3790147,1660653,-2.0559828214831377,-1.9390801279830485,-1.7088190927047455,0.08577740959228586
"DE94",2325150,2496176,2523531,201.30820522775238,289.08369481478815,"DE","DEU",623348783.89308,2415714,-3.0496757699395607,-2.8731048665318903,-2.5253164811544027,0.1852585806818754
"DEA1",5287352,5173623,5121670,198.25564443616256,284.7001400000146,"DE","DEU",1409138957.3394473,5264468,-6.511167083136573,-6.139877590597382,-5.408555664811605,0.2911831923599093
"DEA2",4162040,4422371,4438751,186.3653517832904,267.6253778032497,"DE","DEU",1207152455.2906158,4263675,-5.482083350168787,-5.170984139528618,-4.558217879218172,0.21752798742250534
"DEA3",2558277,2614229,2643150,140.72388425272547,202.08307139016793,"DE","DEU",670174170.9410609,2608779,-3.2501022898135012,-3.0623533832168564,-2.6925478953280795,0.18962291699946043
"DEA4",1991074,2057996,2096052,116.60394069004154,167.44621992186234,"DE","DEU",549043715.6652658,2048620,-2.5850491217366875,-2.4368830600474056,-2.1450431568234753,0.1294835294800165
"DEA5",3817336,3597297,3603247,174.8033272482423,251.02201695986292,"DE","DEU",948463398.1782539,3814258,-4.592196914259093,-4.327031780948047,-3.804741008273389,0.26586170004456233
"DEB1",1476996,1488308,1395050,98.86581768147343,141.97382483198174,"DE","DEU",401535719.8726127,1516237,-1.8316600024757839,-1.7275856802526492,-1.5225924464486025,0.0750731765460359
"DEB2",502475,532715,593599,40.8255746195826,58.626561896041146,"DE","DEU",138342254.7730438,511548,-0.6812284630191038,-0.6417210475764041,-0.5639040349085218,0.042582158398993236
"DEB3",1972102,2031780,1969788,105.32249667462004,151.24577982984258,"DE","DEU",562527651.7442154,2002988,-2.5140918317591354,-2.372070804789161,-2.0923346608022895,0.08785837514990158
"DEC0",1084201,995597,953851,47.88112112497574,68.7585058493889,"DE","DEU",255272420.68616888,1071501,-1.250194967318946,-1.1777915468855535,-1.0351798922903541,0.07629941732887491
"DED2",1763956,1602754,1584997,119.31104364817809,171.33368851509118,"DE","DEU",362323738.505684,1724703,-1.9881621866324801,-1.8698451727956757,-1.6367983773676555,0.17950963775601791
"DED4",1717612.346,1465612,1224694,123.37280709929445,177.16648397707422,"DE","DEU",330488205.10830706,1997390.8,-1.9132870542381188,-1.7981021577626204,-1.5712246349547125,0.19700162351226586
"DED5",1102776.654,1016485,976684,58.7156325340355,84.31713936907308,"DE","DEU",245834074.33060327,1308776.2,-1.3685307129454498,-1.2868287985402573,-1.1259020753664704,0.12832026487770698
"DEE0",2759213,2245470,2012673,195.67663258481207,280.99661348893153,"DE","DEU",502332817.32948893,2648737,-2.7921776976759642,-2.625538995839236,-2.2973138809719895,0.2607899788272805
"DEF0",2708392,2858714,2737522,208.61549789107139,299.5771526438684,"DE","DEU",756986462.5154861,2777275,-3.466044382029131,-3.2688983225807924,-2.880583439574459,0.14584493546859245
"DEG0",2517776,2170714,1987740,169.5554734187044,243.48596559437382,"DE","DEU",495399149.68969244,2449082,-2.6749186817000945,-2.5163086777826886,-2.2038975381070265,0.2309561828577278
"DK01",1612115.583,1789174,1941274,36.090133842577764,56.00253778492078,"DK","DNK",438251697.133468,1798989,-2.3960711866531947,-2.4702625820576043,-2.347028020414243,0.027915631228064897
"DK02",758698.7598,827499,855664,47.446273046782146,73.62432377353299,"DK","DNK",194463902.79344654,1220396,-1.2811657548857522,-1.3223462249070523,-1.2539439911482724,0.06428564067936376
"DK03",1110177.551,1211770,1246607,89.02273230511635,138.14021725107776,"DK","DNK",268891277.6192459,1505364.2,-1.709395020258999,-1.7639827814513929,-1.6733105574695086,0.07410039490000797
"DK04",1179398.703,1293309,1437686,93.90466855522268,145.7157175388491,"DK","DNK",288850065.8189511,1313359,-1.7288689943129625,-1.7834383835164285,-1.6927966760653321,0.05402616985013242
"DK05",536251.4035,585499,616959,50.96804641696771,79.0892036516193,"DK","DNK",144134064.6348886,1655479,-1.3336288689107452,-1.378704668711456,-1.3038321528504815,0.13909103245780918
"EE00",1448075,1315944,1256223,31.583744791666664,67.16425520833333,"EE","EST",407185789,1401250,-1.5773253785276107,-1.7715430216349106,-1.3710339271446303,0.07831010754413115
"EL30",3755616,3781274,3078979,83.70986531159852,110.84638019547829,"EL","GRC",713946134.6778824,3871527,-5.208353839526979,-5.161387774083885,-4.459488750067227,0.11844538614460032
"EL41",198878,196654,332859,11.45106650917869,15.163198115243636,"EL","GRC",31743603.713744253,196904,-0.3743044056098899,-0.3707246829641819,-0.31722640058587204,0.03170073102181038
"EL42",280421,334791,377781,22.79149167482746,30.17988790217251,"EL","GRC",56972006.87628185,305954,-0.4990957676607481,-0.49447562306181764,-0.42542843006809467,0.024911990704550434
"EL43",556202,631812,637501,36.214099412782254,47.95374854569162,"EL","GRC",96776687.58513601,575599,-0.8812038914106474,-0.8730067135376958,-0.7505014303202425,0.04850398031296434
"EL51",576350,604504,563168,51.33570812087449,67.9773811460442,"EL","GRC",88996032.92411585,582750,-0.8299813206607594,-0.8222381060256782,-0.706517218107141,0.04823892907114864
"EL52",1763273,1883339,1666719,114.17186504549754,151.1833511301392,"EL","GRC",294315084.9262038,1828425,-2.55438106043318,-2.5307636199422237,-2.17780540907273,0.12426281856076188
"EL53",291394,273843,207315,27.23964874013209,36.070019338827,"EL","GRC",47771691.82229469,287156,-0.3675116175520815,-0.36417037054852347,-0.31423606183710867,0.011446078465597136
"EL54",333350,336834,286784,20.87120801763018,27.637099288709525,"EL","GRC",52936865.86458784,337513,-0.45662621551973187,-0.4524077062834364,-0.3893628783246479,0.021828846052632786
"EL61",740298,729442,601250,55.79199138655138,73.87827308138847,"EL","GRC",112624969.7202618,739421,-0.9795434461689899,-0.9704842435837884,-0.8350961629998084,0.04793358135682506
"EL62",196987,206141,188465,13.465114016825053,17.83014632897337,"EL","GRC",34549029.149142906,203658,-0.288107638040142,-0.28545797850747745,-0.2458593146124338,0.01241156052871284
"EL63",708189,668258,534531,37.512416195333934,49.67294514405185,"EL","GRC",103472550.13172188,707200,-0.9064134257672474,-0.898022782063218,-0.772626188348857,0.04523696188688833
"EL64",552208,555830,516335,54.0642361689429,71.59042551380655,"EL","GRC",88601812.56773904,553882,-0.7806365407818411,-0.7734048541017186,-0.6653286553636648,0.039567209405636
"EL65",582807,581026,511440,51.60387273315888,68.33247760280709,"EL","GRC",88236244.04088779,585638,-0.7976401084531245,-0.7902269162129942,-0.6794381509820676,0.043149647127451285
"ES11",2727113,2720102,2359287,170.9453634101394,310.5847557660076,"ES","ESP",414058780.60749185,2702471,-3.1416141391463612,-2.9610308089158504,-2.843428440112734,0.1727223143922743
"ES12",1086001,1040925,820426,57.56394031342802,104.58594481021555,"ES","ESP",164901001.4285092,1068287,-1.1826440985682822,-1.1152623542435518,-1.0713809354184638,0.05404685863913791
"ES13",531185,582504,526400,37.9255782254999,68.90567965970838,"ES","ESP",92758924.10443571,533417,-0.6638469803529938,-0.6260369382105387,-0.6014136769448258,0.030099691372512644
"ES21",2097947,2164066,2158780,88.4767935700484,160.75044548580627,"ES","ESP",411799385.3167151,2084535,-2.698332357896274,-2.5469478085130204,-2.4483607374642276,0.08010422250668003
"ES22",531732,637486,719331,49.121519361059285,89.24720032918364,"ES","ESP",116479552.04377005,548379,-0.7995918627416165,-0.7543650278027434,-0.7249116839337953,0.030478927982764928
"ES23",268055,312810,295462,24.579756835281888,44.658115442171,"ES","ESP",52887048.759429805,273828,-0.3596520086928349,-0.3393420128244178,-0.32611541199997574,0.013107534460948742
"ES24",1196261,1318571,1273947,96.27501887025672,174.918773026007,"ES","ESP",225641431.0864444,1200200,-1.5588487688657038,-1.470581075163273,-1.4130979738441023,0.061172495191814336
"ES30",5116658,6424275,8159656,133.05607188472806,241.74500416459654,"ES","ESP",1241370914.1334124,5329606,-8.510131856642861,-8.028888807427178,-7.715486000614631,0.32236325235553
"ES41",2520690,2454454,1960295,215.84396468559837,392.15948135781423,"ES","ESP",395319420.82842153,2472869,-2.7841535419937578,-2.6259959377428213,-2.5229980094158053,0.1185923122559226
"ES42",1698263,2048900,1817449,163.17872888412583,296.4738244177363,"ES","ESP",294280116.45670307,1742456,-2.2125539570155195,-2.0855507497890486,-2.0028416869073267,0.11839961931793147
"ES43",1065076,1084969,896045,67.45910997640105,122.56413849578585,"ES","ESP",148244809.37743658,1060030,-1.2022862803355345,-1.1325013286091488,-1.0870548545666212,0.07851194793922447
"ES51",6161209,7408290,8755298,256.3143078431912,465.68865696470255,"ES","ESP",1325243987.2679188,6283101,-9.428765683938439,-8.892255607250618,-8.542860921569,0.41807290624287097
"ES52",3969401,4932347,5141574,197.45215747130078,358.7440389158737,"ES","ESP",744973141.8238457,4103816,-5.726900969326006,-5.397062341031278,-5.182259546328599,0.3267928469689586
"ES53",756141,1135527,1577043,46.20748389277101,83.95278943580158,"ES","ESP",183451349.65250784,817313,-1.4736628805178107,-1.388241811348284,-1.3326125344531905,0.09411285541206857
"ES61",7115498,8403774,8425577,330.38656218514365,600.2679901791204,"ES","ESP",1147926284.8169603,7285992,-9.614189234765018,-9.053663138265254,-8.688628355485514,0.6734274152185573
"ES62",1100679,1466474,1635530,70.86963288237162,128.76060035151824,"ES","ESP",208182498.58926767,1169114,-1.7194799116607518,-1.6194214036026777,-1.5542596992996573,0.11694408340151974
"ES63",69318,84652,83788,0.30053925720406494,0.5460394475448249,"ES","ESP",12071015.37391031,70855,-0.09540122264785078,-0.08988417739660864,-0.0862912788189168,0.005855876601970171
"ES64",60450,84764,90478,0.26126424063762466,0.4746820197406717,"ES","ESP",11338669.102077998,64851,-0.09503853114338538,-0.08949701214911995,-0.08588817538848871,0.00666774698996328
"ES70",1568049,2135209,2652164,56.8138728774798,103.22317306399927,"ES","ESP",304946249.2307417,1659062,-2.6280734272135877,-2.474266084299058,-2.374101202839774,0.1948298983194695
"FI19",1313881,1379116,1259865,72.11943305897951,118.00253151726311,"FI","FIN",384643895.03662086,1317215,-3.1773375119248337,-4.712818815812151,-1.1543891887764453,0.09182738596595963
"FI1B",1293573,1620261,1898949,27.413909025458334,44.854909787525784,"FI","FIN",532183684.60449034,1379712,-4.085156679870576,-6.038655472024678,-1.511483463625051,0.07400153535111886
"FI1C",1128490,1160491,1000867,54.48913668261538,89.15566576182623,"FI","FIN",330343149.06302553,1133237,-2.6429987975394416,-3.9145451960024844,-0.9677764108753613,0.06422716566245096
"FI1D",1337652,1298457,1097178,99.72133970216123,163.16504487111797,"FI","FIN",349605597.43783695,1315432,-2.9640686901787183,-4.401555127763729,-1.0702255212002492,0.09645714693161822
"FI20",25158,28983,33850,0.998785697452208,1.6342230622668665,"FI","FIN",9385673.858026162,25706,-0.0739244778716363,-0.10940926085637602,-0.0271743923743194,0.0016255185036349751
"FR10",10858975,12117132,13471900,255.7313575991834,390.5311468168181,"FR","FRA",2501176626.607117,11019991,-17.40831688019098,-17.457367824464853,-16.756994510219798,0.31091481566584367
"FRB0",2418315,2577866,2436435,190.07946993037146,290.27317602007633,"FR","FRA",415502410.5238765,2450121,-3.38973480642143,-3.399521318457074,-3.2597847247835166,0.145558485500346
"FRC1",1615509,1637941,1495238,144.1892413607161,220.19352775463952,"FR","FRA",260709880.97212586,1612818,-2.1524473016552754,-2.1586719366438962,-2.069793561283691,0.09614854534151118
"FRC2",1111540,1180397,1126458,90.25041761935783,137.8227505006493,"FR","FRA",186971484.16349575,1121512,-1.5552122654020253,-1.5597143698413822,-1.4954311260843582,0.07113423741947017
"FRD1",1408316,1477349,1370197,94.949229906214,144.99837639295384,"FR","FRA",227289204.66294578,1426928,-1.9297765577956933,-1.9353784781415773,-1.8553915262721723,0.09386898093684143
"FRD2",1771034,1858580,1783414,123.84335347894788,189.12302078956517,"FR","FRA",297303305.2661289,1784575,-2.4689817782041485,-2.476127540432505,-2.3740968609263806,0.11236336085712229
"FRE1",3986346,4074448,3984575,214.4715694558535,327.52271276201435,"FR","FRA",610277353.2960908,3997864,-5.468837998477703,-5.484824766120863,-5.256557897785176,0.306244298721956
"FRE2",1846150,1932422,1851569,164.603501103015,251.36844640138526,"FR","FRA",305670450.2359332,1862938,-2.566528005984447,-2.5739672059981142,-2.4677466786253413,0.12081900894723119
"FRF1",1687475,1884150,1996307,112.7018081805456,172.10860181668258,"FR","FRA",317837546.91000885,1743955,-2.5943710419819115,-2.6018618226215815,-2.494904801904608,0.11160903041057246
"FRF2",1350114,1333248,1226221,110.13698684833011,168.1918251427001,"FR","FRA",211387042.76220417,1342007,-1.7745548275274219,-1.779698326186248,-1.7062569428281007,0.08348981997598959
"FRF3",2315488,2337788,2222723,191.64281881827517,292.6605892798329,"FR","FRA",370768216.5251058,2314909,-3.1326258714995725,-3.1417135787071278,-3.0119548613151377,0.15023018720713116
"FRG0",3145757,3737632,4063404,201.35206129479087,307.48771738282915,"FR","FRA",572865997.8703772,3248994,-5.023602062963356,-5.038246911203387,-4.829140622826596,0.2667233926872534
"FRH0",2840680,3306529,3464268,168.16059097524004,256.80053107090714,"FR","FRA",505963188.78402615,2927612,-4.396420305552903,-4.409221593525535,-4.226438558117747,0.22793486131082752
"FRI1",2855720,3393297,3824516,216.3180479713395,330.342497472795,"FR","FRA",525333510.51377565,2933223,-4.63847296022444,-4.652006969464739,-4.458761782303279,0.25057146191216895
"FRI2",716942,736015,690825,47.79061566748284,72.98175757138148,"FR","FRA",113684705.8160866,713249,-0.9682829907917345,-0.9710949890784492,-0.930943905569817,0.047527202228007076
"FRI3",1619284,1806291,1763131,129.09702971088007,197.14598763697256,"FR","FRA",273800456.2493453,1650378,-2.351453726054882,-2.3582901046643316,-2.2606769554168795,0.1181292419116392
"FRJ1",2209034,2793303,3138368,187.08469478289564,285.6998105017369,"FR","FRA",394768829.8181845,2322072,-3.7182992557162686,-3.7292351094709195,-3.5730876539708,0.2321838458672073
"FRJ2",2494806,3015132,3381300,186.73187845131096,285.1610194520862,"FR","FRA",466347318.62749213,2578254,-4.093666553667641,-4.105602004105142,-3.9351818194651567,0.21791225133236092
"FRK1",1312232,1363392,1356340,97.47898874584966,148.86160861479715,"FR","FRA",213654810.40115398,1312227,-1.837894545303025,-1.8432389971139576,-1.7669283066052095,0.09274269985364952
"FRK2",5525090,6553497,7340144,400.0402497158282,610.9073950143826,"FR","FRA",1078318097.3408055,5688524,-9.008297092975726,-9.03439015651381,-8.661820664539567,0.41759766461549175
"FRL0",4405312,5021928,5222837,250.87301097108895,383.1118936672801,"FR","FRA",808575824.4573296,4541508,-6.751704527724067,-6.77125999375427,-6.492037508684327,0.31253936480677325
"FRM0",258416,330455,396168,30.313716241060245,46.29252540259718,"FR","FRA",47752527.870439656,264539,-0.4498959113896882,-0.4512191371968895,-0.4323254735212301,0.02810802942788579
"FRY1",NA,429856,323848,14.319083688450506,21.866884947997576,"FR","FRA",82385569.57772687,859179.4,-0.8024424804807133,-0.8048117794079326,-0.7709817733467136,0.05344637690261762
"FRY2",NA,376480,276254,11.590783484581497,17.70045726591607,"FR","FRA",55503639.03807773,383575,-0.4571126224514853,-0.4584340898510131,-0.43956553357804085,0.02025610871939537
"FRY3",NA,269352,438709,4.6488482349298925,7.099325048006192,"FR","FRA",26960838.57128595,162018,-0.392597025794015,-0.3938001271225655,-0.37662165936168535,0.0420129803895411
"FRY4",NA,852924,880556,12.06719510251011,18.427992509357452,"FR","FRA",107819850.35032406,716314,-1.0797646077698495,-1.0829627267465602,-1.0372984236382985,0.07552836320421213
"FRY5",NA,240987,485198,0.5684506609506996,0.8680894303067815,"FR","FRA",41050032.788535565,1219849.4,-1.0788376307656986,-1.0822524011891714,-1.0334946430200322,0.15471881177351818
"HR02",1207704.856,1086329.157,941310.3649,NA,NA,"HR","HRV",132431721.88856106,939388.8,-1.39700984209766,-1.3829004527641553,-1.0971053092362058,0.07010808215624184
"HR03",1580347.735,1421521.006,1231756,30.293158700140687,51.74389609976486,"HR","HRV",175956330.00432312,1001760,-1.6777677400642232,-1.6610114467586494,-1.3216014881085572,0.06457969054258103
"HR05",933526.1083,839705.6818,727609.7276,NA,NA,"HR","HRV",136300842.8597448,1367676.4,-1.5451667805874814,-1.5294475160229268,-1.211043270014021,0.08934866537750843
"HR06",937314.3001,843113.156,730562.3234,NA,NA,"HR","HRV",117886811.24737102,495039.4,-0.9419788044953252,-0.9327840899944633,-0.7465389812687251,0.014103002715037838
"HU11",1806438.031,1759407,1721777,12.98689130041195,23.08226443829153,"HU","HUN",342880922.951193,912378.4,-2.050646528184239,-2.0463753702719676,-1.7597303909435098,-0.030338765148073044
"HU12",1100674.969,1234541,1379555,32.85558435175177,58.395906205642255,"HU","HUN",202202852.30463412,865222,-1.657528134942941,-1.6538883356187117,-1.409614950395502,0.06413961456987685
"HU21",1122945,1060703,995843,37.41459130207768,66.49886183753344,"HU","HUN",175351888.49863595,1119047,-1.5464693255531534,-1.5430401318324325,-1.3129008620186762,0.07557950458327575
"HU22",1010586,983933,998534,27.633789740611046,49.11494425187795,"HU","HUN",158684132.87453708,1004598,-1.4573470486393707,-1.4540990652094168,-1.2361211392555522,0.07898718964670795
"HU23",1013057,900868,779239,29.631013520659977,52.66471196511594,"HU","HUN",138969015.84479442,999690,-1.2922774958044876,-1.2893930468939492,-1.0958125670058627,0.0721006531043292
"HU31",1320843,1153714,988216,35.2928100242744,62.72771172919937,"HU","HUN",174285681.73166096,1304597,-1.6607534810996087,-1.657035793682113,-1.4075352004410993,0.09775624960581628
"HU32",1566304,1474383,1281525,39.59941082569566,70.38205303606858,"HU","HUN",217494664.7561013,1564136,-2.0623827757434317,-2.057768671542976,-1.748107958845161,0.12014260194281257
"HU33",1395788,1262936,1125663,41.060429767850856,72.97879653627093,"HU","HUN",194549949.03844303,1383497,-1.8212790121857994,-1.8172105283798878,-1.544167367626428,0.10316152260566586
"IE04",646744.6522,839204,1083972,36.10038705957906,136.13463370881755,"IE","IRL",219903636.7359986,1314518,-1.4805553615578855,-1.6295141728813953,-1.3575596784517745,0.12973857646404868
"IE05",1212569.816,1575504,2000408,66.07560625702412,249.17124683573726,"IE","IRL",406002452.09054184,1455814.2,-2.222600594170641,-2.4372501239089037,-2.0453639117348144,0.09783170161413757
"IE06",1738302.532,2311578,3128811,56.89985043339683,214.5694527887785,"IE","IRL",642616855.1734596,2003043,-3.3399308304804656,-3.6586458852548436,-3.0767669697469087,0.10548415436984271
"ITC1",4261168,4404246,4020563,306.55185908807226,438.78719521850644,"IT","ITA",967140621.0401772,4225083,-5.352767341150173,-5.055748656899394,-4.4836931298373965,0.1646989192719257
"ITC2",116653,127329,118033,19.937705843650004,28.538107882468903,"IT","ITA",28082007.286875203,118861,-0.15407924949612567,-0.1455460255150205,-0.12911110676786292,0.004435274689903242
"ITC3",1641159,1571053,1414382,75.98360830305528,108.76017672527144,"IT","ITA",339309233.3980112,1587787,-1.9360783142785032,-1.8279363583567383,-1.6196558464812356,0.07278383740556743
"ITC4",8875974,10008349,10447894,534.3371384324131,764.8307694864801,"IT","ITA",2358606557.62773,8971148,-12.687047709981133,-11.987549052841281,-10.640320429838415,0.3069504612621685
"ITF1",1254352,1326513,1212877,136.26025341551525,195.03797691463166,"IT","ITA",239988491.12726808,1261117,-1.555836175079721,-1.4667197562176548,-1.2950822712203336,0.09960457795366265
"ITF2",329214,312027,266362,38.93330692747778,55.72772123486342,"IT","ITA",54316173.21610479,322772,-0.3676599442348075,-0.34643858625662144,-0.3055664264670618,0.026551372606530614
"ITF3",5691818,5850850,5316666,230.11917081643716,329.3842217396021,"IT","ITA",948891322.175726,5717694,-6.817756424474919,-6.420284705612695,-5.654757465467795,0.565741363976245
"ITF4",4055934,4077166,3546358,279.9068489415857,400.64849560818527,"IT","ITA",665855350.5177622,4034887,-4.698105903561187,-4.425019790613482,-3.8990581977605823,0.37478511061692976
"ITF5",609799,573694,469676,60.955080936306416,87.24888858258315,"IT","ITA",96728525.05412056,601399,-0.6664031314150792,-0.6278216440174996,-0.5535140186782685,0.0502927071986084
"ITF6",2064883,1970521,1762948,132.97522742551533,190.3359100452285,"IT","ITA",306686806.8692448,2028592,-2.3233000757830267,-2.1867239697891243,-1.9236795202606523,0.2137593644404318
"ITG1",5004913,5074261,4446504,297.4920018131045,425.81924462577825,"IT","ITA",803494302.1800557,4994427,-5.824859427036833,-5.484785052788607,-4.8298046232187515,0.492416170226628
"ITG2",1651147,1658138,1374637,145.33696623890157,208.03005392706723,"IT","ITA",279971901.56123847,1638573,-1.8826133791728943,-1.7740737123509995,-1.5650272125742102,0.1336367133688508
"ITH1",446195,520891,645520,35.926999470255915,51.42460194847906,"IT","ITA",127622980.22623384,458553,-0.714848292803563,-0.6750781753650008,-0.5984812584066543,0.023927726266744914
"ITH2",455982,538223,574451,56.78453667046078,81.27932302069472,"IT","ITA",118481115.15682772,470505,-0.6742637615303514,-0.6366231138212506,-0.5641275379334915,0.024954889576624784
"ITH3",4400073,4915123,4964450,410.2706703299707,587.24653391446,"IT","ITA",1047418720.3684462,4485059,-6.07334624167119,-5.7329628769237955,-5.077387334210454,0.24966921218833327
"ITH4",1183131,1221218,1186076,118.18327972049818,169.16325343629055,"IT","ITA",265543086.13687298,1178264,-1.5230688978713165,-1.4379023559264543,-1.2738723011734652,0.05899831410532963
"ITH5",3781814.158,4448146,4667688,351.9769600921781,503.8070346721061,"IT","ITA",1014517375.8060358,3794790.8,-5.515471351230687,-5.210642073006021,-4.623543406608629,0.14708574357271464
"ITI1",3505309,3744398,3624515,262.74729866763505,376.0869386882041,"IT","ITA",781649747.4134314,3491580,-4.566500124793341,-4.310169308032162,-3.816478276929414,0.19514184582465488
"ITI2",813664,891181,819100,82.20872352434708,117.67058051792273,"IT","ITA",175152588.25318846,820844,-1.0473925832619564,-0.9883197090293057,-0.874545842279246,0.04995451228175943
"ITI3",1387670.904,1543752,1411898,149.72241874708365,214.30723134022503,"IT","ITA",305222083.9453478,1324557.8,-1.760665802348972,-1.6620951747442447,-1.472248961973182,0.07039783410065942
"ITI4",5154261,5888472,5834434,281.7362779288698,403.26707380428496,"IT","ITA",1212753040.6393015,5119323,-7.038747678875275,-6.644179382862719,-5.8842441110909185,0.290815665508219
"LT01",887779.8603,805380,788703,15.772234268003093,27.036683017756033,"LT","LTU",150151531.23372197,1018372.6,-1.4552070182093342,-1.3726601740070685,-0.8190375546807969,0.10785331113223648
"LT02",2755211.14,2083178,1349236,51.87766156533024,88.92842114891063,"LT","LTU",347447944.76627797,1400740.2,-2.333458673294926,-2.2078403223297873,-1.365347054793605,0.045179334353166456
"LU00",405650,576249,769048,34.25245833333333,79.59752083333333,"LU","LUX",250856087,433600,-0.926690347272292,-1.0468815596793832,-1.1359514360427838,0.04095781990391639
"LV00",2500580,1968957,1395039,107.99847916666666,139.0131875,"LV","LVA",323095632,2381715,0.17051209983327598,0.1542720539773879,0.9723002209251834,0.10241749020884994
"MT00",369451,450415,668373,6.747586588541666,19.985295572916666,"MT","MLT",157438734.7,380201,-0.6452019811403931,-0.7587226575158257,-0.8267491351643512,0.03406171084501253
"NL11",557995,583721,542010,44.1498523538986,69.10086244552433,"NL","NLD",151657243.5471919,562646,-0.9197190184614827,-0.9680842952498024,-0.9188942719629583,0.04252172636401094
"NL12",609579,646040,620648,52.52673552079167,82.2118882038379,"NL","NLD",172754568.31126162,624500,-1.0384997259992472,-1.093016179684759,-1.037570086859873,0.046120408176436284
"NL13",454864,488629,450633,42.60904160338333,66.68927223515438,"NL","NLD",132369952.3532471,469806,-0.7723465713553029,-0.812646254697234,-0.7716593629914725,0.02942693001203006
"NL21",1050389,1144280,1182994,69.59651193719618,108.92854090452731,"NL","NLD",309680416.08185506,1077625,-1.8814774656112734,-1.9804543992883046,-1.879789666328286,0.08769638609157582
"NL22",1864732,2035351,2160732,132.85974233449852,207.9445862244949,"NL","NLD",576976302.8998473,1919158,-3.4137033517323037,-3.59233363040358,-3.4106572677098885,0.1401961358964996
"NL23",262325,404068,442514,28.064206674919962,43.924515750167984,"NL","NLD",111365316.9700894,317206,-0.6395948215741336,-0.6728577270230899,-0.6390276075184829,0.02218001028195922
"NL31",1063460,1273613,1477933,58.83228769913125,92.08098335337229,"NL","NLD",190832720.50176677,NA,NA,NA,NA,NA
"NL32",2463611,2784854,3068194,113.85675854181082,178.20218621402043,"NL","NLD",846608170.2645836,2518354,-4.730906967830416,-4.975503421668745,-4.726735998857415,0.1354080737059289
"NL33",3325064,3622303,4101352,137.56117710669895,215.3030071516204,"NL","NLD",495527788.10884666,NA,NA,NA,NA,NA
"NL34",365846,381252,373907,29.596646297418854,46.32300394241708,"NL","NLD",106873774.23549478,371866,-0.6254059997094482,-0.6580582621026779,-0.6248491986144068,0.02421991730973512
"NL41",2276207,2498749,2668874,158.2912292482664,247.74851727565385,"NL","NLD",720370143.2696269,2356004,-4.214142607645661,-4.434147401262441,-4.210390986746474,0.16291445751963707
"NL42",1130050,1116260,1052501,71.10697734865208,111.29263629920918,"NL","NLD",301397483.45618916,1141192,-1.8266612209428417,-1.92270792610137,-1.8250233892372358,0.08421491265754788
"PL21",3179728,3330031,3278958,26.41746968108589,77.85023497824507,"PL","POL",649637766.0519254,3211151,-4.454799617803227,-4.195769607790937,-3.284741714155933,0.27220532410743725
"PL22",4917696,4520567,3793196,34.16824239433403,100.69116123930002,"PL","POL",946994352.7810752,4783570,-5.975566722613016,-5.633255093817095,-4.42931952614322,0.27123364200510747
"PL41",3324822,3450966,3244419,31.594490728058844,93.1065146242372,"PL","POL",703947212.4127252,3339749,-4.56425601448703,-4.301471968338869,-3.377240849203735,0.2312558443076459
"PL42",1716700,1684025,1420131,12.466850922739123,36.73884310233068,"PL","POL",334307845.848579,1696925,-2.1618430353149662,-2.037436642927894,-1.5998900682829453,0.10843302880233713
"PL43",1012045,1005159,864941,8.743838707732502,25.76741475343559,"PL","POL",193708470.55797976,1007967,-1.2917975894679743,-1.21704701470997,-0.9541436597413324,0.0723159210669054
"PL51",2988327,2864624,2533891,25.05523118197018,73.83582373701636,"PL","POL",588323632.2988162,2917139,-3.784271714026241,-3.5667129094703713,-2.801542343145335,0.1859305966750563
"PL52",1095398,952557,798822,11.981377014687967,35.30818913456445,"PL","POL",190674343.20382783,1074205,-1.2888332320145066,-1.2140779077875499,-0.9511578485818429,0.07536695096117321
"PL61",2090331,2062006,1775505,16.171605586863105,47.656467864300154,"PL","POL",397287713.17873085,2068864,-2.6512477411004958,-2.4978131931505403,-1.95817242711322,0.14875935608818885
"PL62",1449121,1414734,1196632,11.547699858920598,34.030176179926364,"PL","POL",266500755.84032854,1424772,-1.8034343418291416,-1.6988101661232704,-1.3308391251921587,0.1058386245793399
"PL63",2158019,2277059,2273660,16.41868574682552,48.38459393934619,"PL","POL",449465293.2414726,2166230,-3.052580287761917,-2.875377601157814,-2.2521425160966664,0.1811684784821846
"PL71",2500806.61,2479350,2030186,24.830671349087666,73.17406331985212,"PL","POL",377464818.2565773,792455,-2.032383996715544,-1.9197281497195844,-1.5235091209301137,0.023457893804270047
"PL72",1250360.858,1241895,990773,14.403277332652912,42.44534159933856,"PL","POL",221312609.0979932,1183459.4,-1.4960687318875605,-1.4092918471940916,-1.1040910618690716,0.08751134352600856
"PL81",2137410.668,2118528,1746418,19.659199954145116,57.934138068123715,"PL","POL",306878627.9834524,1134118.4,-1.9957419770983944,-1.8807754376253647,-1.4764295307953008,0.10226743971626207
"PL82",2117779.014,2083496,1919343,18.416399618292488,54.271701833875255,"PL","POL",294829548.69892085,1278808.4,-2.1699111079462337,-2.042268076193944,-1.5933379991385603,0.1594299667226987
"PL84",1173093.692,1158945,1014946,10.413238382270242,30.687006164130715,"PL","POL",212087042.55776152,756255.4,-1.2505454103676854,-1.1798540989620092,-0.9312274764129316,0.03949113153308803
"PL91",3078846.392,2979942,3215944,18.145351395937883,53.47294373722646,"PL","POL",627405578.315023,1320832.2,-3.287325115286318,-3.106255554742802,-2.469420385197973,0.016989730233639477
"PL92",2369652.302,2343325,2004439,26.228057644395946,77.29205239141778,"PL","POL",356659049.6748114,1298691.8,-2.293290208181511,-2.1614572907072587,-1.6977910726013827,0.11251154574547623
"PT11",3551449,3603778,3061456,159.85350342408756,261.2575023373864,"PT","PRT",1453707211.3711386,3652110,-6.62661107451396,-6.6338062060076695,-5.428495620478311,-0.2653779619699914
"PT15",357495,441929,440108,35.303810753772446,57.698988279618305,"PT","PRT",194522674.76738295,385298,-0.8305104472956135,-0.8313950598406747,-0.6832069599308139,-0.048422361993038704
"PT16",2282411,2256364,1876403,171.84583264362075,280.8572352928219,"PT","PRT",NA,NA,NA,NA,NA,NA
"PT17",2551871,2812678,3020855,72.16778962004621,117.94784638108943,"PT","PRT",NA,NA,NA,NA,NA,NA
"PT18",779171,724391,544312,71.44310999993473,116.76346203235954,"PT","PRT",NA,NA,NA,NA,NA,NA
"PT20",239757,245766,214674,10.330716364805243,16.88406632956088,"PT","PRT",103367486.17422658,240759,-0.45428548193128393,-0.454773583235654,-0.37300806310828916,-0.02275394114577038
"PT30",246505,256424,217539,10.438403860399697,17.060066013830145,"PT","PRT",107834437.68725237,242823,-0.46255030228799593,-0.4630436861505671,-0.38039324497288807,-0.02634843905212897
"RO11",2888806,2576567,2150126,30.85913346259554,70.03922121641943,"RO","ROU",268121806.8450055,2849982,-0.5144769199453081,-3.5051850353684015,1.5557865334606462,0.15178423594067547
"RO12",2684501,2341964,1931582,34.46620271665004,78.22598127998019,"RO","ROU",248300234.85819304,2644115,-0.47374463564867897,-3.2106003498886717,1.4207940969065507,0.1359640290849682
"RO21",3780653,3256734,2715076,52.63184919664797,119.4555165776584,"RO","ROU",324391924.1515738,3820101,-0.6463798230060577,-4.555256769189288,2.0594693515796036,0.22442828392673136
"RO22",2957707,2469868,1729871,30.891933170560907,70.1136648492844,"RO","ROU",259678563.2044288,2936219,-0.48957662334356794,-3.2804989854794546,1.4423887656646273,0.1321768501550103
"RO31",3532198,3031555,2074066,48.527617245830726,110.14037459950748,"RO","ROU",302723989.372982,3471322,-0.5759450253836162,-3.8928007602537105,1.7200882025698472,0.16297433770139358
"RO32",2337293,2288203,2116912,11.380824697380845,25.830410940453636,"RO","ROU",308482751.6907422,2285544,-0.5253915756199664,-3.158626875136115,1.2974178041029842,0.06123283795213713
"RO41",2441803,1993482,1343275,22.977992674012715,52.15184392507823,"RO","ROU",204004041.87042636,2403632,-0.3886139938477267,-2.629746619910123,1.1627694213526936,0.11065893962036694
"RO42",2089433,1802212,1441929,19.779571836321267,44.89256994495154,"RO","ROU",198412082.00664818,2044570,-0.3701917426597964,-2.455566869299961,1.073371368384286,0.09438199329457209
"SE11",1708502,2231439,2990792,43.21414318275892,61.84840185383868,"SE","SWE",456967845.23443776,1803377,-3.437936536146705,-3.562194433552285,-3.0259721407336544,0.10826172167042025
"SE12",1500619,1638825,2041637,106.04872943796254,151.77772718133934,"SE","SWE",289122932.9421207,1490348,-2.4852776162191943,-2.576821537546967,-2.1817730745284525,0.12729591918104294
"SE21",812447,834276,994408,49.37239892226986,70.66214308862821,"SE","SWE",148655892.09514305,798344,-1.2633720363467014,-1.3098375643849598,-1.109320313554798,0.0627084625047507
"SE22",1259002,1459880,1885343,36.53245604341778,52.28552172202871,"SE","SWE",257236912.14315695,1274411,-2.2219418995945377,-2.3038381340324294,-1.9504232805671389,0.1152961347615084
"SE23",1745437,1963466,2479064,84.02889508331668,120.26277712988372,"SE","SWE",361290898.84018207,1762246,-2.998497121326938,-3.1084257164276243,-2.634040067370491,0.1387569331009204
"SE31",866355,838747,928344,88.93194724613095,127.28006170714812,"SE","SWE",146163224.93004292,837892,-1.244391972552857,-1.290170244383083,-1.0926187776786747,0.06207490963128959
"SE32",396596,371273,390727,58.955677826363406,84.37780284916387,"SE","SWE",65866915.35986044,380004,-0.5451001213889977,-0.5650763494955371,-0.4788709729294636,0.025001793968106117
"SE33",527423,513111,543749,90.41612725777988,129.40423113463595,"SE","SWE",91205276.45505601,514804,-0.7494034648525141,-0.7768396211649781,-0.6584416846863016,0.033597469075157496
"SI03",1090821.669,1092193,1034940,52.61708623291353,85.5535169321903,"SI","SVN",231873703.25237823,945941.6,-1.3491103531021928,-1.4038939559516135,-1.2662453875712267,0.03774059365559701
"SI04",898655.3309,971995,1008811,40.408549183753124,65.70286848447634,"SI","SVN",224295054.7476218,1280701,-1.5156022770828428,-1.5789214154538507,-1.4198265714764435,0.08732638095170125
"SK01",616955.8098,633288,776992,8.876096779220939,15.890499707913953,"SK","SVK",158325170.49561867,616982,-0.9321890248028217,-0.8860949285282068,-0.702034216619467,0.018635385750617767
"SK02",1871372.087,1832159,1592792,49.088647753503054,87.88132466232483,"SK","SVK",340837638.07440686,1876416,-2.266766438951169,-2.1520512379871164,-1.6939760556383094,0.09956726001830751
"SK03",1346445.261,1343458,1194034,36.021515568383656,64.4877919715808,"SK","SVK",244763980.19064716,1355514,-1.6601440676393522,-1.57583897230131,-1.2391959503184724,0.0788930121610607
"SK04",1521433.842,1617347,1583397,35.219354482225675,63.051716991513715,"SK","SVK",272926859.2393274,1549745,-2.0122888159270267,-1.9086862028294802,-1.494985267925979,0.12481553130629675
