"NUTS_ID","ISO","sector","sect_b"
"AT11","AUT","CHE",3.380722036571095e-4
"AT11","AUT","ENE",0.004320606733475679
"AT11","AUT","IND",0.001005485612195074
"AT11","AUT","NFE",3.283349218960528e-5
"AT11","AUT","NMM",7.583543288233115e-4
"AT11","AUT","PRO",0.0011031383615978314
"AT11","AUT","SWD_INC",3.247645542019052e-5
"AT11","AUT","TRF",5.889706444823641e-5
"AT12","AUT","CHE",0.0028864265761260914
"AT12","AUT","ENE",0.05077662287512518
"AT12","AUT","IND",0.00855703647531271
"AT12","AUT","NFE",2.8063289067678407e-4
"AT12","AUT","NMM",0.005454224823180765
"AT12","AUT","PRO",0.007346524021096327
"AT12","AUT","REF",0.007232721965199867
"AT12","AUT","SWD_INC",2.7952190346370453e-4
"AT12","AUT","TRF",5.028572640633894e-4
"AT13","AUT","CHE",0.002921033692942523
"AT13","AUT","ENE",0.02758763861079015
"AT13","AUT","IND",0.007524835979080916
"AT13","AUT","NFE",2.8368992924847125e-4
"AT13","AUT","NMM",0.00417803081979285
"AT13","AUT","PRO",0.001577374386820375
"AT13","AUT","REF",0.011382029795528254
"AT13","AUT","SWD_INC",2.8187600558406817e-4
"AT13","AUT","TRF",5.088865147569854e-4
"AT21","AUT","CHE",7.87534464180333e-4
"AT21","AUT","ENE",0.003305607057176221
"AT21","AUT","IND",0.003911148928888369
"AT21","AUT","NFE",7.861346877712798e-5
"AT21","AUT","NMM",0.005848971064584363
"AT21","AUT","PRO",0.0022366844046288335
"AT21","AUT","SWD_INC",7.565346427035041e-5
"AT21","AUT","TRF",1.3719984212797595e-4
"AT22","AUT","CHE",0.0016999926861100928
"AT22","AUT","ENE",0.036102876316735706
"AT22","AUT","IND",0.012230905626180632
"AT22","AUT","IRO",0.0027761829397163207
"AT22","AUT","NFE",1.6522435609219984e-4
"AT22","AUT","NMM",0.007214285971158719
"AT22","AUT","PRO",0.0031306981198505985
"AT22","AUT","SWD_INC",1.6584354004852065e-4
"AT22","AUT","TRF",0.012715508207604299
"AT31","AUT","CHE",0.015603989008907424
"AT31","AUT","ENE",0.04098718946481547
"AT31","AUT","IND",0.020062983194747273
"AT31","AUT","IRO",0.006727040775072718
"AT31","AUT","NFE",1.753444143783235e-4
"AT31","AUT","NMM",0.008339380423745981
"AT31","AUT","PRO",0.0033119512751387113
"AT31","AUT","SWD_INC",1.7568972460773317e-4
"AT31","AUT","TRF",0.044649988197793186
"AT32","AUT","CHE",8.82986778037894e-4
"AT32","AUT","ENE",0.00504430732348544
"AT32","AUT","IND",0.003729373534008069
"AT32","AUT","NFE",8.57554894367852e-5
"AT32","AUT","NMM",0.00393260706377641
"AT32","AUT","PRO",0.0011336448775339093
"AT32","AUT","SWD_INC",8.482303988169422e-5
"AT32","AUT","TRF",1.538292179623117e-4
"AT33","AUT","CHE",0.0012044190596587523
"AT33","AUT","ENE",0.004944694371474824
"AT33","AUT","IND",0.00534223190762837
"AT33","AUT","NFE",1.1697284512417582e-4
"AT33","AUT","NMM",0.007662848826482095
"AT33","AUT","PRO",0.001510049046531679
"AT33","AUT","SWD_INC",1.1570085944383897e-4
"AT33","AUT","TRF",2.098270662890072e-4
"AT34","AUT","CHE",6.808415829432853e-4
"AT34","AUT","ENE",0.0033330394788944756
"AT34","AUT","IND",0.002052760040613822
"AT34","AUT","NFE",6.612304174070901e-5
"AT34","AUT","NMM",0.0015840464996888942
"AT34","AUT","PRO",6.226152044256022e-4
"AT34","AUT","SWD_INC",6.540409255995685e-5
"AT34","AUT","TRF",1.1861240991485058e-4
"BE10","BEL","CHE",0.0036607093474662557
"BE10","BEL","ENE",0.0018527767509436844
"BE10","BEL","IND",0.00552140005271206
"BE10","BEL","NFE",0
"BE10","BEL","NMM",0.002276105903661545
"BE10","BEL","PRO",0.0019641027923226516
"BE10","BEL","SWD_INC",1.654109040517669e-4
"BE10","BEL","TRF",1.7557173304489818e-4
"BE21","BEL","CHE",0.03373818728998418
"BE21","BEL","ENE",0.042814152281109366
"BE21","BEL","IND",0.01688878474953564
"BE21","BEL","NFE",5.749637812431966e-6
"BE21","BEL","NMM",0.003882136141175927
"BE21","BEL","PRO",0.01032673857900733
"BE21","BEL","REF",0.049515459840042804
"BE21","BEL","SWD_INC",2.659288149245956e-4
"BE21","BEL","TRF",2.7996658164819026e-4
"BE22","BEL","CHE",0.0026740747823168535
"BE22","BEL","ENE",0.016597789440570436
"BE22","BEL","IND",0.00516196363095127
"BE22","BEL","IRO",1.9546613755718734e-4
"BE22","BEL","NFE",8.473722066734799e-6
"BE22","BEL","NMM",0.0019350010039946716
"BE22","BEL","PRO",0.007744450064247104
"BE22","BEL","SWD_INC",1.1389254235842285e-4
"BE22","BEL","TRF",0
"BE23","BEL","CHE",0.006901746928334371
"BE23","BEL","ENE",0.041814330383485136
"BE23","BEL","IND",0.01776915577168026
"BE23","BEL","IRO",0.0019423804302398811
"BE23","BEL","NFE",2.5886810357669238e-6
"BE23","BEL","NMM",0.0030779999164798023
"BE23","BEL","PRO",0.010009843232680176
"BE23","BEL","REF",0.007323334189250746
"BE23","BEL","SWD_INC",2.1084447876686002e-4
"BE23","BEL","TRF",0.00676572268715905
"BE24","BEL","CHE",0.004604226015095798
"BE24","BEL","ENE",0.020842202398198503
"BE24","BEL","IND",0.006956352510352288
"BE24","BEL","IRO",1.9719028293108476e-5
"BE24","BEL","NFE",0
"BE24","BEL","NMM",0.002862751402085907
"BE24","BEL","PRO",0.008124734319159162
"BE24","BEL","SWD_INC",1.9633465673928936e-4
"BE24","BEL","TRF",6.379166719620424e-5
"BE25","BEL","CHE",0.003575213258992245
"BE25","BEL","ENE",0.0210982763272827
"BE25","BEL","IND",0.005384196130828809
"BE25","BEL","NFE",0
"BE25","BEL","NMM",0.002222946490609916
"BE25","BEL","PRO",0.008599717215394638
"BE25","BEL","SWD_INC",1.522733007386136e-4
"BE25","BEL","TRF",7.196083522963068e-4
"BE31","BEL","CHE",0.001198375089120513
"BE31","BEL","ENE",0.0010376548930856504
"BE31","BEL","IND",0.0027574736669212486
"BE31","BEL","IRO",6.198180365562296e-4
"BE31","BEL","NFE",0
"BE31","BEL","NMM",7.451084884516889e-4
"BE31","BEL","PRO",0.0031921989944617866
"BE31","BEL","SWD_INC",5.104048293456259e-5
"BE31","BEL","TRF",0.00186900594075153
"BE32","BEL","CHE",0.05879314118244076
"BE32","BEL","ENE",0.03815248451371502
"BE32","BEL","IND",0.024832723523449687
"BE32","BEL","IRO",0.002690534139087339
"BE32","BEL","NFE",0
"BE32","BEL","NMM",0.013293530919660576
"BE32","BEL","PRO",0.00996767545927091
"BE32","BEL","SWD_INC",1.7892986347501424e-4
"BE32","BEL","TRF",0.007732201227786256
"BE33","BEL","CHE",0.003421288831525445
"BE33","BEL","ENE",0.024009920615525038
"BE33","BEL","IND",0.013545993670313117
"BE33","BEL","IRO",0.0016890379601293484
"BE33","BEL","NFE",6.8962658232445525e-6
"BE33","BEL","NMM",0.01865592141155988
"BE33","BEL","PRO",0.009198887366020933
"BE33","BEL","SWD_INC",1.51401736187197e-4
"BE33","BEL","TRF",0.004776678373018262
"BE34","BEL","CHE",4.258942015735352e-4
"BE34","BEL","ENE",8.022671301268125e-4
"BE34","BEL","IND",0.0014957182352674438
"BE34","BEL","NFE",0
"BE34","BEL","NMM",0.00150823506338047
"BE34","BEL","PRO",0.004928136369356561
"BE34","BEL","SWD_INC",1.8139431786583376e-5
"BE34","BEL","TRF",0
"BE35","BEL","CHE",0.001190028267727103
"BE35","BEL","ENE",0.0039493127782522204
"BE35","BEL","IND",0.0030308179998016003
"BE35","BEL","NFE",0
"BE35","BEL","NMM",0.011183185467040292
"BE35","BEL","PRO",0.005477562878106774
"BE35","BEL","SWD_INC",5.068497927371766e-5
"BE35","BEL","TRF",0
"BG31","BGR","CHE",0.003693675727776685
"BG31","BGR","ENE",0.001259149788493313
"BG31","BGR","IND",0.003738717171198344
"BG31","BGR","NMM",0.004847478143840609
"BG31","BGR","PRO",4.0269651457999073e-4
"BG31","BGR","SWD_INC",0.0010637554355211888
"BG31","BGR","TRF",0.001047406070443944
"BG32","BGR","CHE",0.0012741650833492312
"BG32","BGR","ENE",0.021683213738352473
"BG32","BGR","IND",0.001956418851302197
"BG32","BGR","NMM",0.0013008480709965117
"BG32","BGR","PRO",7.204701547965239e-5
"BG32","BGR","SWD_INC",0.0011479340967454276
"BG32","BGR","TRF",0.0011289858394691503
"BG33","BGR","CHE",0.0027705031511163947
"BG33","BGR","ENE",0.025681063615888195
"BG33","BGR","IND",0.006620305569175095
"BG33","BGR","NMM",0.005425494613737297
"BG33","BGR","PRO",2.374855867826712e-4
"BG33","BGR","SWD_INC",0.0013745567270113813
"BG33","BGR","TRF",0.0013528193874584767
"BG34","BGR","CHE",0.0029269030652662696
"BG34","BGR","ENE",0.20047907288881725
"BG34","BGR","IND",0.0023927711778919682
"BG34","BGR","NMM",0.0017695199488397013
"BG34","BGR","PRO",9.532225966476087e-4
"BG34","BGR","REF",0.014789698674200427
"BG34","BGR","SWD_INC",0.0015615140930178837
"BG34","BGR","TRF",0.001536383284909953
"BG41","BGR","CHE",0.004284529159964636
"BG41","BGR","ENE",0.047182313948364384
"BG41","BGR","IND",0.0067821995751835805
"BG41","BGR","IRO",2.787312651826875e-4
"BG41","BGR","NMM",0.00437425248014177
"BG41","BGR","PRO",0.003153870250053197
"BG41","BGR","SWD_INC",0.0038600610863412823
"BG41","BGR","TRF",0.003799530338622191
"BG42","BGR","CHE",0.006812689783058015
"BG42","BGR","ENE",0.008348128849234474
"BG42","BGR","IND",0.008609709454986385
"BG42","BGR","NFE",3.7578655821321222e-6
"BG42","BGR","NMM",0.02052151886697814
"BG42","BGR","PRO",0.004627246295702111
"BG42","BGR","SWD_INC",0.0022203416943010097
"BG42","BGR","TRF",0.002198547250513934
"CY00","CYP","CHE",0
"CY00","CYP","ENE",0.03926874936069535
"CY00","CYP","IND",0.004010317827148389
"CY00","CYP","NMM",0.014753870421192783
"CY00","CYP","PRO",6.158744074735769e-9
"CY00","CYP","REF",0
"CY00","CYP","SWD_INC",4.2107387416354927e-4
"CY00","CYP","TRF",4.13003197060808e-5
"CZ01","CZE","CHE",9.861867740131017e-4
"CZ01","CZE","ENE",0.014188440454601733
"CZ01","CZE","IND",0.0054621151333339975
"CZ01","CZE","NMM",0.002817968735390481
"CZ01","CZE","PRO",6.390620031842981e-4
"CZ01","CZE","SWD_INC",4.967788679617426e-4
"CZ01","CZE","TRF",0.0031235307232265674
"CZ02","CZE","CHE",0.0024194403990655095
"CZ02","CZE","ENE",0.09531047831214387
"CZ02","CZE","IND",0.009803506379928637
"CZ02","CZE","IRO",7.538191041425255e-5
"CZ02","CZE","NMM",0.015707230767380786
"CZ02","CZE","PRO",0.002789557701152739
"CZ02","CZE","REF",0.0032980541555804256
"CZ02","CZE","SWD_INC",1.591412826406737e-4
"CZ02","CZE","TRF",0.0073824398377539645
"CZ03","CZE","CHE",7.276471715670684e-4
"CZ03","CZE","ENE",0.027278016425923892
"CZ03","CZE","IND",0.004263043115796372
"CZ03","CZE","IRO",2.055848674472431e-5
"CZ03","CZE","NFE",1.3854077544944415e-5
"CZ03","CZE","NMM",0.0015507872341123346
"CZ03","CZE","PRO",0.0034443207455958982
"CZ03","CZE","SWD_INC",8.90110695376167e-5
"CZ03","CZE","TRF",0.005059579975463804
"CZ04","CZE","CHE",0.011913540722042914
"CZ04","CZE","ENE",0.3013180681144799
"CZ04","CZE","IND",0.012646181050418101
"CZ04","CZE","NMM",0.0036624969984640305
"CZ04","CZE","PRO",0.0015489113270526734
"CZ04","CZE","REF",0.006882899186640377
"CZ04","CZE","SWD_INC",9.547107090463769e-5
"CZ04","CZE","TRF",0.006972804484059521
"CZ05","CZE","CHE",9.240652566870549e-4
"CZ05","CZE","ENE",0.08186781588315022
"CZ05","CZE","IND",0.006164557658928549
"CZ05","CZE","NMM",0.004016143490915995
"CZ05","CZE","PRO",0.001911003007368129
"CZ05","CZE","REF",8.603612280239997e-4
"CZ05","CZE","SWD_INC",2.0900982721956636e-4
"CZ05","CZE","TRF",0.003377668812657423
"CZ06","CZE","CHE",0.0010935665995212246
"CZ06","CZE","ENE",0.019063498371803714
"CZ06","CZE","IND",0.008131206485492423
"CZ06","CZE","NMM",0.009402841492723071
"CZ06","CZE","PRO",0.0029306052088309263
"CZ06","CZE","SWD_INC",2.7535433956129575e-4
"CZ06","CZE","TRF",0.005168830743022241
"CZ07","CZE","CHE",7.74958201354784e-4
"CZ07","CZE","ENE",0.016613519690000297
"CZ07","CZE","IND",0.006561514151571597
"CZ07","CZE","NMM",0.019098502262386595
"CZ07","CZE","PRO",0.0012395456295181263
"CZ07","CZE","SWD_INC",9.479846919464113e-5
"CZ07","CZE","TRF",0.0035359103086885454
"CZ08","CZE","CHE",8.980583293885351e-4
"CZ08","CZE","ENE",0.05729989686903861
"CZ08","CZE","IND",0.01933278024558133
"CZ08","CZE","IRO",0.005841009065081456
"CZ08","CZE","NMM",0.006142790807898617
"CZ08","CZE","PRO",0.011395618784490146
"CZ08","CZE","SWD_INC",1.0985697591689259e-4
"CZ08","CZE","TRF",0.03334934019530173
"DE11","DEU","CHE",0.008836887931822671
"DE11","DEU","ENE",0.12276687973733454
"DE11","DEU","IND",0.015429116229308983
"DE11","DEU","NFE",2.3761845265809318e-4
"DE11","DEU","NMM",0.0070201420582160145
"DE11","DEU","PRO",0.0017137298266391044
"DE11","DEU","SWD_INC",0.001408868154529613
"DE11","DEU","TRF",0.0017825806770065769
"DE12","DEU","CHE",0.012324959306954248
"DE12","DEU","ENE",0.19490585539393795
"DE12","DEU","IND",0.034519582968357075
"DE12","DEU","NFE",1.5149312378144516e-4
"DE12","DEU","NMM",0.00654583171678071
"DE12","DEU","PRO",0.00263246795770242
"DE12","DEU","REF",0.01818595416348038
"DE12","DEU","SWD_INC",9.282046488327906e-4
"DE12","DEU","TRF",0.0012060084593499482
"DE13","DEU","CHE",0.0043899883324700194
"DE13","DEU","ENE",0.02197594739949279
"DE13","DEU","IND",0.008331169839697195
"DE13","DEU","NFE",1.2981325481910616e-4
"DE13","DEU","NMM",0.004411558788577218
"DE13","DEU","PRO",0.0012938146424528577
"DE13","DEU","SWD_INC",6.827294276085158e-4
"DE13","DEU","TRF",8.982919023784193e-4
"DE14","DEU","CHE",0.0034291125865972823
"DE14","DEU","ENE",0.02585380236242344
"DE14","DEU","IND",0.006418061426665648
"DE14","DEU","NFE",1.5515168343782317e-4
"DE14","DEU","NMM",0.004267464473448554
"DE14","DEU","PRO",0.0010171940244799043
"DE14","DEU","SWD_INC",5.298904055059416e-4
"DE14","DEU","TRF",6.93431445962019e-4
"DE21","DEU","CHE",0.009406376664935535
"DE21","DEU","ENE",0.15264671833043073
"DE21","DEU","IND",0.01785395102115364
"DE21","DEU","NFE",2.7456464419861615e-4
"DE21","DEU","NMM",0.009789526022468503
"DE21","DEU","PRO",0.004983390661045915
"DE21","DEU","REF",0.03394464626680741
"DE21","DEU","SWD_INC",0.0014674591029695345
"DE21","DEU","TRF",0.0018997124519342472
"DE22","DEU","CHE",0.001571286865886642
"DE22","DEU","ENE",0.006765130308748452
"DE22","DEU","IND",0.002863965824622038
"DE22","DEU","NFE",3.75411035983047e-5
"DE22","DEU","NMM",0.003734464462272923
"DE22","DEU","PRO",0.0010744774155481518
"DE22","DEU","SWD_INC",2.427704554736202e-4
"DE22","DEU","TRF",3.194486446338008e-4
"DE23","DEU","CHE",0.0017223413011511607
"DE23","DEU","ENE",0.009582515138199212
"DE23","DEU","IND",0.006150139171053958
"DE23","DEU","IRO",7.616838711859712e-4
"DE23","DEU","NFE",4.1150066665441794e-5
"DE23","DEU","NMM",0.0062393523191468705
"DE23","DEU","PRO",0.0011897443070315746
"DE23","DEU","SWD_INC",2.7547074117983256e-4
"DE23","DEU","TRF",0.0014460640375347123
"DE24","DEU","CHE",0.001858608315891217
"DE24","DEU","ENE",0.005806207191368395
"DE24","DEU","IND",0.0031776772507698197
"DE24","DEU","NFE",6.933367531331296e-5
"DE24","DEU","NMM",0.0014308270430132134
"DE24","DEU","PRO",8.515024404017019e-4
"DE24","DEU","SWD_INC",2.871627687158893e-4
"DE24","DEU","TRF",3.7647252107306326e-4
"DE25","DEU","CHE",0.003375990697370782
"DE25","DEU","ENE",0.024491535988376577
"DE25","DEU","IND",0.00588609490511255
"DE25","DEU","NFE",1.0558690050013828e-4
"DE25","DEU","NMM",0.0028837289552170373
"DE25","DEU","PRO",0.0010898328433280725
"DE25","DEU","SWD_INC",5.272165607225392e-4
"DE25","DEU","TRF",6.818964669107928e-4
"DE26","DEU","CHE",0.0024387838399540784
"DE26","DEU","ENE",0.013210293990589064
"DE26","DEU","IND",0.006904779023616182
"DE26","DEU","NFE",5.9122927847995695e-5
"DE26","DEU","NMM",0.0060169601238315
"DE26","DEU","PRO",0.001148269976927815
"DE26","DEU","SWD_INC",3.8199483479609686e-4
"DE26","DEU","TRF",4.95684456359683e-4
"DE27","DEU","CHE",0.003310842403222369
"DE27","DEU","ENE",0.012837435612440743
"DE27","DEU","IND",0.0077293542327634005
"DE27","DEU","NFE",7.910241472561133e-5
"DE27","DEU","NMM",0.0073491469912701415
"DE27","DEU","PRO",0.0010526091216843413
"DE27","DEU","SWD_INC",5.206436961736232e-4
"DE27","DEU","TRF",6.67864932192866e-4
"DE30","DEU","CHE",0.00746082297698141
"DE30","DEU","ENE",0.08166914155112433
"DE30","DEU","IND",0.013677372549125556
"DE30","DEU","IRO",2.3022150760102452e-4
"DE30","DEU","NFE",1.807294055059194e-4
"DE30","DEU","NMM",0.005841582716125424
"DE30","DEU","PRO",5.329935445118676e-4
"DE30","DEU","SWD_INC",0.0011578020938652672
"DE30","DEU","TRF",0.0015062439827617745
"DE40","DEU","CHE",0.005222922952533494
"DE40","DEU","ENE",0.2518173371151479
"DE40","DEU","IND",0.048269236641820125
"DE40","DEU","IRO",0.003962826221028909
"DE40","DEU","NFE",1.4759580751384267e-4
"DE40","DEU","NMM",0.011916889644536988
"DE40","DEU","PRO",0.00415533193275776
"DE40","DEU","REF",0.016274836043371817
"DE40","DEU","SWD_INC",7.86136646444988e-4
"DE40","DEU","TRF",0.031414909261358315
"DE50","DEU","CHE",0.0011098099019724338
"DE50","DEU","ENE",0.057494713012751934
"DE50","DEU","IND",0.006716026161779295
"DE50","DEU","IRO",0.0022461277894485223
"DE50","DEU","NFE",2.6752413252789614e-5
"DE50","DEU","NMM",9.363942833074209e-4
"DE50","DEU","PRO",2.0410784490652387e-4
"DE50","DEU","SWD_INC",1.7652770111669657e-4
"DE50","DEU","TRF",0.003445836662720976
"DE60","DEU","CHE",0.0038400188704908896
"DE60","DEU","ENE",0.09108118973042446
"DE60","DEU","IND",0.006616815874988921
"DE60","DEU","NFE",9.17454609961085e-5
"DE60","DEU","NMM",0.0029844491204549044
"DE60","DEU","PRO",3.347777417656183e-4
"DE60","DEU","REF",0.012537739097031524
"DE60","DEU","SWD_INC",6.362872506940185e-4
"DE60","DEU","TRF",7.80920985720975e-4
"DE71","DEU","CHE",0.009177276906247523
"DE71","DEU","ENE",0.10103677861968081
"DE71","DEU","IND",0.02096625182654341
"DE71","DEU","NFE",2.53159803765941e-4
"DE71","DEU","NMM",0.007595651347311472
"DE71","DEU","PRO",0.0020889797688650224
"DE71","DEU","SWD_INC",0.0014049676752145568
"DE71","DEU","TRF",0.00180041509203806
"DE72","DEU","CHE",0.0019571092348711567
"DE72","DEU","ENE",0.009454142063760412
"DE72","DEU","IND",0.004654251710150739
"DE72","DEU","NFE",4.6759132474991715e-5
"DE72","DEU","NMM",0.006548796051667051
"DE72","DEU","PRO",7.901331582164657e-4
"DE72","DEU","SWD_INC",3.023814006532133e-4
"DE72","DEU","TRF",4.004344224214655e-4
"DE73","DEU","CHE",0.0021910254053490357
"DE73","DEU","ENE",0.014462492779952724
"DE73","DEU","IND",0.004936097482651347
"DE73","DEU","NFE",5.234783141311219e-5
"DE73","DEU","NMM",0.00338843556283383
"DE73","DEU","PRO",0.0013481996398881947
"DE73","DEU","SWD_INC",3.568570980653658e-4
"DE73","DEU","TRF",4.458077642031162e-4
"DE80","DEU","CHE",0.029334600952184726
"DE80","DEU","ENE",0.03705268197274316
"DE80","DEU","IND",0.010807504930135213
"DE80","DEU","NFE",5.9409951238673476e-5
"DE80","DEU","NMM",0.002032746021791906
"DE80","DEU","PRO",0.001585803323566512
"DE80","DEU","SWD_INC",3.841918404143969e-4
"DE80","DEU","TRF",5.016002840448476e-4
"DE91","DEU","CHE",0.0031564927450186396
"DE91","DEU","ENE",0.08357897137185501
"DE91","DEU","IND",0.0165261623098986
"DE91","DEU","IRO",0.0034252965033607034
"DE91","DEU","NFE",1.9331892068019692e-4
"DE91","DEU","NMM",0.006627841496166446
"DE91","DEU","PRO",0.0010905641203631754
"DE91","DEU","SWD_INC",4.9841298482119e-4
"DE91","DEU","TRF",0.0066850054449202265
"DE92","DEU","CHE",0.004397469282271977
"DE92","DEU","ENE",0.030323150560981286
"DE92","DEU","IND",0.010827277799575907
"DE92","DEU","IRO",1.722283720263824e-4
"DE92","DEU","NFE",1.1056895610937408e-4
"DE92","DEU","NMM",0.007452429071627808
"DE92","DEU","PRO",0.001131165171363716
"DE92","DEU","SWD_INC",6.96341890023642e-4
"DE92","DEU","TRF",0.0012712271859168485
"DE93","DEU","CHE",0.014046457200297712
"DE93","DEU","ENE",0.01630337334323823
"DE93","DEU","IND",0.006907647889847036
"DE93","DEU","IRO",5.284619959058247e-4
"DE93","DEU","NFE",0.008525167498556599
"DE93","DEU","NMM",0.002528798784309345
"DE93","DEU","PRO",0.0021129960507428923
"DE93","DEU","REF",0.004124555080888923
"DE93","DEU","SWD_INC",5.026088609240199e-4
"DE93","DEU","TRF",0.0014022834769342038
"DE94","DEU","CHE",0.004384010840737693
"DE94","DEU","ENE",0.14103361788837993
"DE94","DEU","IND",0.011267279931672676
"DE94","DEU","IRO",0.001415952983507477
"DE94","DEU","NFE",1.3691008870657286e-4
"DE94","DEU","NMM",0.004309792745206104
"DE94","DEU","PRO",0.002613997401463854
"DE94","DEU","REF",0.023249812744647422
"DE94","DEU","SWD_INC",6.83228889839957e-4
"DE94","DEU","TRF",0.002937897665406336
"DEA1","DEU","CHE",0.014793053345444531
"DEA1","DEU","ENE",0.34112595630920645
"DEA1","DEU","IND",0.07548665784108956
"DEA1","DEU","IRO",0.018248483199246022
"DEA1","DEU","NFE",0.01799889295385099
"DEA1","DEU","NMM",0.04841164829314116
"DEA1","DEU","PRO",0.012515402511723898
"DEA1","DEU","REF",0.0020787927742734417
"DEA1","DEU","SWD_INC",0.0019137550005495268
"DEA1","DEU","TRF",0.03321936422280834
"DEA2","DEU","CHE",0.010252832144577737
"DEA2","DEU","ENE",0.3410232580373658
"DEA2","DEU","IND",0.02195839888579885
"DEA2","DEU","IRO",1.509434885860789e-5
"DEA2","DEU","NFE",3.2260330984777014e-4
"DEA2","DEU","NMM",0.009063146315739904
"DEA2","DEU","PRO",0.0020378556039325683
"DEA2","DEU","REF",0.026803927849202224
"DEA2","DEU","SWD_INC",0.0016335989484284484
"DEA2","DEU","TRF",0.004160915128466138
"DEA3","DEU","CHE",0.010272947522419286
"DEA3","DEU","ENE",0.15716300974113676
"DEA3","DEU","IND",0.02732775788168004
"DEA3","DEU","IRO",1.6747209519430133e-4
"DEA3","DEU","NFE",1.437981150712605e-4
"DEA3","DEU","NMM",0.022750972463500767
"DEA3","DEU","PRO",0.011455464169463908
"DEA3","DEU","REF",0.016986062119113347
"DEA3","DEU","SWD_INC",9.25043472283453e-4
"DEA3","DEU","TRF",0.011349408544307086
"DEA4","DEU","CHE",0.004299247194497605
"DEA4","DEU","ENE",0.0532478429570474
"DEA4","DEU","IND",0.010130851826025696
"DEA4","DEU","NFE",1.0271732466110566e-4
"DEA4","DEU","NMM",0.008302771636448688
"DEA4","DEU","PRO",0.001409060554473438
"DEA4","DEU","SWD_INC",6.738495888244198e-4
"DEA4","DEU","TRF",8.684491689726617e-4
"DEA5","DEU","CHE",0.007840301750798811
"DEA5","DEU","ENE",0.20677868971864968
"DEA5","DEU","IND",0.045602883914898674
"DEA5","DEU","IRO",0.006825948492274114
"DEA5","DEU","NFE",4.092402462365667e-4
"DEA5","DEU","NMM",0.048064163324581556
"DEA5","DEU","PRO",0.007041062727189942
"DEA5","DEU","SWD_INC",0.001233187548789143
"DEA5","DEU","TRF",0.018309147129529076
"DEB1","DEU","CHE",0.0028763063681866616
"DEB1","DEU","ENE",0.007248497008033102
"DEB1","DEU","IND",0.006757729207432204
"DEB1","DEU","NFE",1.0145152378442308e-4
"DEB1","DEU","NMM",0.009090011051237737
"DEB1","DEU","PRO",0.0013507398859098484
"DEB1","DEU","SWD_INC",4.526095464594628e-4
"DEB1","DEU","TRF",5.865703360541617e-4
"DEB2","DEU","CHE",8.120080665449408e-4
"DEB2","DEU","IND",0.0017458889187312752
"DEB2","DEU","NFE",8.884298497258528e-5
"DEB2","DEU","NMM",0.0012493080219796208
"DEB2","DEU","PRO",6.858744544949633e-4
"DEB2","DEU","SWD_INC",1.2545847475160666e-4
"DEB2","DEU","TRF",1.6904810177016167e-4
"DEB3","DEU","CHE",0.01823905607732805
"DEB3","DEU","ENE",0.042480551692851184
"DEB3","DEU","IND",0.019296980637851794
"DEB3","DEU","NFE",1.330705482848293e-4
"DEB3","DEU","NMM",0.008733751375240814
"DEB3","DEU","PRO",0.0018055256072014253
"DEB3","DEU","REF",0.0039013819789465417
"DEB3","DEU","SWD_INC",7.213255580257981e-4
"DEB3","DEU","TRF",9.142998083229647e-4
"DEC0","DEU","CHE",0.002114985421055384
"DEC0","DEU","ENE",0.10345276916223638
"DEC0","DEU","IND",0.014038164819065863
"DEC0","DEU","IRO",0.004850970656264654
"DEC0","DEU","NFE",8.973297637128069e-5
"DEC0","DEU","NMM",0.0016281945257863985
"DEC0","DEU","PRO",0.0031147655736723616
"DEC0","DEU","SWD_INC",3.369487989123103e-4
"DEC0","DEU","TRF",0.007596599634232197
"DED2","DEU","CHE",0.0030450448849927785
"DED2","DEU","ENE",0.11999858018445969
"DED2","DEU","IND",0.007014078807414781
"DED2","DEU","IRO",1.6603525218926896e-4
"DED2","DEU","NFE",1.0005412257012353e-4
"DED2","DEU","NMM",0.00234418977175389
"DED2","DEU","PRO",0.0011683853758359258
"DED2","DEU","SWD_INC",4.704721177665208e-4
"DED2","DEU","TRF",0.0018626522958656798
"DED4","DEU","CHE",0.0028149683947629235
"DED4","DEU","ENE",0.013414687930568828
"DED4","DEU","IND",0.004889746450557129
"DED4","DEU","NFE",7.110141551095428e-5
"DED4","DEU","NMM",0.002167068009113206
"DED4","DEU","PRO",0.0012681658767131117
"DED4","DEU","SWD_INC",4.3492408915028194e-4
"DED4","DEU","TRF",5.764986176424086e-4
"DED5","DEU","CHE",0.0019962259021212556
"DED5","DEU","ENE",0.08615076267115615
"DED5","DEU","IND",0.0038941417757993235
"DED5","DEU","NFE",4.737551983549715e-5
"DED5","DEU","NMM",0.001526516868185851
"DED5","DEU","PRO",5.942080019574125e-4
"DED5","DEU","REF",5.25757195560808e-4
"DED5","DEU","SWD_INC",3.0636785914643026e-4
"DED5","DEU","TRF",3.999933963071421e-4
"DEE0","DEU","CHE",0.027093365970355592
"DEE0","DEU","ENE",0.10101804263109487
"DEE0","DEU","IND",0.0204611602283099
"DEE0","DEU","NFE",9.442577119703782e-5
"DEE0","DEU","NMM",0.017692496204537757
"DEE0","DEU","PRO",0.0023455433617755165
"DEE0","DEU","REF",0.017592318945996725
"DEE0","DEU","SWD_INC",6.225518298744849e-4
"DEE0","DEU","TRF",8.120842036916095e-4
"DEF0","DEU","CHE",0.0055055324344049
"DEF0","DEU","ENE",0.046243159605117615
"DEF0","DEU","IND",0.011318520100598358
"DEF0","DEU","NFE",1.3149088456184576e-4
"DEF0","DEU","NMM",0.008218394682535393
"DEF0","DEU","PRO",0.0020019521583916062
"DEF0","DEU","REF",0.00650993447703732
"DEF0","DEU","SWD_INC",8.722670480408443e-4
"DEF0","DEU","TRF",0.0011101823198953393
"DEG0","DEU","CHE",0.010190689912283167
"DEG0","DEU","ENE",0.027876203867593295
"DEG0","DEU","IND",0.011295342257240956
"DEG0","DEU","IRO",6.08900346116446e-6
"DEG0","DEU","NFE",1.0414050813143407e-4
"DEG0","DEU","NMM",0.010524999043769408
"DEG0","DEU","PRO",0.001995102739811422
"DEG0","DEU","REF",1.2382634882757196e-6
"DEG0","DEU","SWD_INC",5.920738405092589e-4
"DEG0","DEU","TRF",0.0016192082246685175
"DK01","DNK","CHE",0.0010304687907265542
"DK01","DNK","ENE",0.010061318617117664
"DK01","DNK","IND",0.005357453612063251
"DK01","DNK","IRO",0
"DK01","DNK","NFE",3.073970918745718e-5
"DK01","DNK","NMM",0.003945733808172692
"DK01","DNK","PRO",3.9321293982047805e-4
"DK01","DNK","SWD_INC",0.00105972159469746
"DK01","DNK","TRF",0.004789166408064388
"DK02","DNK","CHE",3.243327418835184e-4
"DK02","DNK","ENE",0.0041215119152094
"DK02","DNK","IND",0.0016862198784384414
"DK02","DNK","IRO",0
"DK02","DNK","NFE",9.675104704362728e-6
"DK02","DNK","NMM",0.00393840742607819
"DK02","DNK","PRO",0.0024652825764620735
"DK02","DNK","REF",0.005151724157373996
"DK02","DNK","SWD_INC",3.3341217070175503e-4
"DK02","DNK","TRF",0.001507356687904571
"DK03","DNK","CHE",4.909046105685854e-4
"DK03","DNK","ENE",0.04034665757695024
"DK03","DNK","IND",0.0039008211484796006
"DK03","DNK","IRO",0
"DK03","DNK","NFE",1.4644072246926109e-5
"DK03","DNK","NMM",0.0018797060840276408
"DK03","DNK","PRO",8.783539799704491e-4
"DK03","DNK","REF",0.0031847110676323648
"DK03","DNK","SWD_INC",5.063108008210273e-4
"DK03","DNK","TRF",0.0022815082294945824
"DK04","DNK","CHE",5.559612201326522e-4
"DK04","DNK","ENE",0.01619267474172866
"DK04","DNK","IND",0.0028904669211903575
"DK04","DNK","IRO",0
"DK04","DNK","NFE",1.658477267775383e-5
"DK04","DNK","NMM",0.0021288136553364225
"DK04","DNK","PRO",6.343381692010144e-4
"DK04","DNK","SWD_INC",5.687381018638672e-4
"DK04","DNK","TRF",0.0025838647318927412
"DK05","DNK","CHE",2.1953140561702686e-4
"DK05","DNK","ENE",0.027772291735596807
"DK05","DNK","IND",0.005021455767477798
"DK05","DNK","IRO",0
"DK05","DNK","NFE",6.5488045275279504e-6
"DK05","DNK","NMM",0.010434505462762781
"DK05","DNK","PRO",3.8321231393300596e-4
"DK05","DNK","SWD_INC",2.2617235143501882e-4
"DK05","DNK","TRF",0.0010202866288124095
"EE00","EST","CHE",7.337615010814004e-4
"EE00","EST","ENE",0.07875290819804116
"EE00","EST","IND",0.00488257174851748
"EE00","EST","IRO",0
"EE00","EST","NFE",4.809600499342304e-5
"EE00","EST","NMM",0.0013195429412045244
"EE00","EST","PRO",0.0018869301628604515
"EE00","EST","SWD_INC",0.013551335261812385
"EE00","EST","TRF",0.06503866994399604
"EL30","GRC","CHE",2.6580206061625636e-4
"EL30","GRC","ENE",0.03174639117900073
"EL30","GRC","IND",0.008255238546030746
"EL30","GRC","IRO",0.0021884311781989476
"EL30","GRC","NFE",7.174527292112517e-6
"EL30","GRC","NMM",0.013232466354215155
"EL30","GRC","PRO",0.0044830267990252255
"EL30","GRC","REF",0.025102731853409693
"EL30","GRC","SWD_INC",6.292299798708645e-5
"EL30","GRC","TRF",3.010948572015292e-4
"EL41","GRC","CHE",8.411518215149421e-6
"EL41","GRC","ENE",9.708928922914516e-4
"EL41","GRC","IND",2.4535371322845906e-4
"EL41","GRC","NMM",4.922182898267293e-4
"EL41","GRC","PRO",4.71594079028058e-4
"EL41","GRC","SWD_INC",1.991251479007809e-6
"EL41","GRC","TRF",9.447005277093378e-6
"EL42","GRC","CHE",1.2941539230689547e-5
"EL42","GRC","ENE",0.0167471631766255
"EL42","GRC","IND",7.074866687376819e-4
"EL42","GRC","NMM",0.0023235358187751218
"EL42","GRC","PRO",5.484359499886749e-4
"EL42","GRC","SWD_INC",3.0636370394864828e-6
"EL42","GRC","TRF",1.4534675100902873e-5
"EL43","GRC","CHE",3.164666504313156e-5
"EL43","GRC","ENE",0.022580007183306196
"EL43","GRC","IND",8.724382441024026e-4
"EL43","GRC","NMM",0.00137888490919619
"EL43","GRC","PRO",0.0012742932541296257
"EL43","GRC","SWD_INC",7.491675762183979e-6
"EL43","GRC","TRF",3.554243417110735e-5
"EL51","GRC","CHE",0.006212287704914209
"EL51","GRC","ENE",0.01139495322253754
"EL51","GRC","IND",0.0012614836052012351
"EL51","GRC","NMM",0.0015114407887834914
"EL51","GRC","PRO",0.001696346710358811
"EL51","GRC","SWD_INC",6.8457901820569985e-6
"EL51","GRC","TRF",3.247818287748225e-5
"EL52","GRC","CHE",0.003086518089851545
"EL52","GRC","ENE",0.009671442252743736
"EL52","GRC","IND",0.003408362149974444
"EL52","GRC","NMM",0.0076509385154293385
"EL52","GRC","PRO",0.004742020273870271
"EL52","GRC","REF",0.007103530915661458
"EL52","GRC","SWD_INC",2.5689261440138192e-5
"EL52","GRC","TRF",1.2187640526985752e-4
"EL53","GRC","CHE",1.2390667255393572e-5
"EL53","GRC","ENE",0.08381242235002251
"EL53","GRC","IND",4.762254186598243e-4
"EL53","GRC","NMM",0.0017970533580070175
"EL53","GRC","PRO",0.006816538036670414
"EL53","GRC","SWD_INC",2.9332277358804997e-6
"EL53","GRC","TRF",1.3915997841409979e-5
"EL54","GRC","CHE",1.3878800388986354e-5
"EL54","GRC","IND",3.9607604539990306e-4
"EL54","GRC","NMM",7.304339918034207e-4
"EL54","GRC","PRO",0.0013180709022577335
"EL54","GRC","SWD_INC",3.285509539662947e-6
"EL54","GRC","TRF",1.558730152072078e-5
"EL61","GRC","CHE",3.650579450361089e-5
"EL61","GRC","ENE",0.0011782189785482693
"EL61","GRC","IND",0.0024542174163741395
"EL61","GRC","NMM",0.009515326367590253
"EL61","GRC","PRO",0.0023255540549592594
"EL61","GRC","SWD_INC",8.641967610165772e-6
"EL61","GRC","TRF",4.0999725523794036e-5
"EL62","GRC","CHE",6.980098068503153e-6
"EL62","GRC","ENE",0.0016754644695789642
"EL62","GRC","IND",1.9242821829915297e-4
"EL62","GRC","NMM",3.041319762772743e-4
"EL62","GRC","PRO",4.730769303313876e-4
"EL62","GRC","SWD_INC",1.6523909737469313e-6
"EL62","GRC","TRF",7.839370816025996e-6
"EL63","GRC","CHE",3.185983343064701e-5
"EL63","GRC","IND",0.0010666556686524083
"EL63","GRC","NMM",0.0023006635406556957
"EL63","GRC","PRO",0.0016546715959405507
"EL63","GRC","SWD_INC",7.542137162052637e-6
"EL63","GRC","TRF",3.578186906106219e-5
"EL64","GRC","CHE",2.3006242561179705e-5
"EL64","GRC","ENE",0.05174367666833936
"EL64","GRC","IND",0.00393223029275111
"EL64","GRC","IRO",3.52324481283727e-5
"EL64","GRC","NMM",0.018497958920432565
"EL64","GRC","PRO",0.0020625312612159497
"EL64","GRC","SWD_INC",5.446238867203062e-6
"EL64","GRC","TRF",2.5879788854736925e-5
"EL65","GRC","CHE",2.2904118899597622e-5
"EL65","GRC","ENE",0.047418289685401745
"EL65","GRC","IND",6.969230130543557e-4
"EL65","GRC","NMM",0.001609557889206291
"EL65","GRC","PRO",0.0030491671484737374
"EL65","GRC","REF",0.010682011950122406
"EL65","GRC","SWD_INC",5.422068130134166e-6
"EL65","GRC","TRF",2.5723668510171595e-5
"ES11","ESP","CHE",0.0016945739566087332
"ES11","ESP","ENE",0.053107172105981294
"ES11","ESP","IND",0.00559796746090935
"ES11","ESP","NFE",0.013772526837427381
"ES11","ESP","NMM",0.00470798026846383
"ES11","ESP","PRO",0.0011403658590959387
"ES11","ESP","REF",0.0185334991995888
"ES11","ESP","SWD_INC",0.01007592818565271
"ES11","ESP","TRF",5.253059419897265e-4
"ES12","ESP","CHE",0.004062034410687409
"ES12","ESP","ENE",0.05464812260833493
"ES12","ESP","IND",0.02354627652998449
"ES12","ESP","IRO",0.018991303414144848
"ES12","ESP","NFE",0.0027235614757779407
"ES12","ESP","NMM",0.007710180568187314
"ES12","ESP","PRO",4.6553456499909507e-4
"ES12","ESP","SWD_INC",6.487944723416893e-5
"ES12","ESP","TRF",0.02569143463924979
"ES13","ESP","CHE",4.4102437361182213e-4
"ES13","ESP","ENE",0.003885328575757511
"ES13","ESP","IND",0.001965996498044483
"ES13","ESP","NFE",1.4512517511151912e-5
"ES13","ESP","NMM",0.009543489912339775
"ES13","ESP","PRO",2.370649073312135e-4
"ES13","ESP","REF",0.016827011657892972
"ES13","ESP","SWD_INC",3.588393659680259e-5
"ES13","ESP","TRF",1.3672278483678303e-4
"ES21","ESP","CHE",0.0018706689314572462
"ES21","ESP","ENE",0.04459162728507365
"ES21","ESP","IND",0.0074928319968171385
"ES21","ESP","NFE",4.473003171466549e-5
"ES21","ESP","NMM",0.010747949486839626
"ES21","ESP","PRO",4.6898517210418783e-4
"ES21","ESP","REF",0.017151031348015034
"ES21","ESP","SWD_INC",0.016107816832550727
"ES21","ESP","TRF",5.644877941310316e-4
"ES22","ESP","CHE",5.057197169143534e-4
"ES22","ESP","ENE",0.020260062776715944
"ES22","ESP","IND",0.0028565424941680187
"ES22","ESP","NFE",1.0366446356356053e-5
"ES22","ESP","NMM",0.008624235870249053
"ES22","ESP","PRO",3.604144569596151e-4
"ES22","ESP","SWD_INC",4.114784457172723e-5
"ES22","ESP","TRF",1.5883803096322527e-4
"ES23","ESP","CHE",2.4191679517547162e-4
"ES23","ESP","ENE",0.009439985054701335
"ES23","ESP","IND",6.734819399756897e-4
"ES23","ESP","NFE",4.958917084074183e-6
"ES23","ESP","NMM",5.18879337658433e-4
"ES23","ESP","PRO",1.6257092542905512e-4
"ES23","ESP","SWD_INC",1.9683567489374155e-5
"ES23","ESP","TRF",6.970966758731302e-5
"ES24","ESP","CHE",9.723289780181454e-4
"ES24","ESP","ENE",0.033083264090916706
"ES24","ESP","IND",0.00447257318876698
"ES24","ESP","NFE",1.9931188208149335e-5
"ES24","ESP","NMM",0.0038180399069456823
"ES24","ESP","PRO",7.478904626684494e-4
"ES24","ESP","SWD_INC",7.911352538749607e-5
"ES24","ESP","TRF",2.995885727499015e-4
"ES30","ESP","CHE",0.00609558688017403
"ES30","ESP","ENE",0.01125399977822986
"ES30","ESP","IND",0.020079115550366684
"ES30","ESP","NFE",1.2950998354814057e-4
"ES30","ESP","NMM",0.02340748357527494
"ES30","ESP","PRO",8.201834982702433e-4
"ES30","ESP","SWD_INC",0.0035959048944814356
"ES30","ESP","TRF",0.0018287701759080923
"ES41","ESP","CHE",0.0034101794773011493
"ES41","ESP","ENE",0.014194231030234303
"ES41","ESP","IND",0.006899269681745849
"ES41","ESP","NFE",4.189166091014018e-5
"ES41","ESP","NMM",0.008119938007210344
"ES41","ESP","PRO",0.0020982192252463404
"ES41","ESP","SWD_INC",1.2866733079105487e-4
"ES41","ESP","TRF",5.018787132180793e-4
"ES42","ESP","CHE",0.00675635158042277
"ES42","ESP","ENE",0.017103186697267514
"ES42","ESP","IND",0.010587394490491363
"ES42","ESP","NFE",3.229758411225018e-5
"ES42","ESP","NMM",0.008626569925880848
"ES42","ESP","PRO",0.0018395134746018353
"ES42","ESP","REF",0.02162233788410391
"ES42","ESP","SWD_INC",1.2810622179349e-4
"ES42","ESP","TRF",4.6573917438381973e-4
"ES43","ESP","CHE",7.733149545862893e-4
"ES43","ESP","ENE",0.002272062884273889
"ES43","ESP","IND",0.002941043073892167
"ES43","ESP","NFE",1.5851722942293498e-5
"ES43","ESP","NMM",0.003356497795761435
"ES43","ESP","PRO",7.046557573812628e-4
"ES43","ESP","SWD_INC",6.292073946759088e-5
"ES43","ESP","TRF",2.3354030441074736e-4
"ES51","ESP","CHE",0.006722967684095769
"ES51","ESP","ENE",0.07262822514559408
"ES51","ESP","IND",0.02390940882280158
"ES51","ESP","NFE",1.4064495569677014e-4
"ES51","ESP","NMM",0.02979457677012082
"ES51","ESP","PRO",0.001699436908066624
"ES51","ESP","REF",0.024711293265669856
"ES51","ESP","SWD_INC",0.004072440449258228
"ES51","ESP","TRF",0.001966176644109876
"ES52","ESP","CHE",0.011416710999206351
"ES52","ESP","ENE",0.046803930861297555
"ES52","ESP","IND",0.025495565558894175
"ES52","ESP","NFE",9.090925557603145e-5
"ES52","ESP","NMM",0.016288612526149635
"ES52","ESP","PRO",0.0014568287256094697
"ES52","ESP","REF",0.015444543818022854
"ES52","ESP","SWD_INC",3.5971838721073497e-4
"ES52","ESP","TRF",0.001278558682674005
"ES53","ESP","CHE",9.896884751227112e-4
"ES53","ESP","ENE",0.0316808934727534
"ES53","ESP","IND",0.0031828882295835675
"ES53","ESP","NFE",2.028703083482264e-5
"ES53","ESP","NMM",0.003120200365055233
"ES53","ESP","PRO",3.4199834757790205e-4
"ES53","ESP","SWD_INC",0.0032108607073537926
"ES53","ESP","TRF",2.875938795661845e-4
"ES61","ESP","CHE",0.012035591099505716
"ES61","ESP","ENE",0.14347181073507
"ES61","ESP","IND",0.026329536333702084
"ES61","ESP","NFE",1.5820703805668744e-4
"ES61","ESP","NMM",0.03741238101361777
"ES61","ESP","PRO",0.0022869891344117045
"ES61","ESP","REF",0.05251142518074389
"ES61","ESP","SWD_INC",5.695704708898379e-4
"ES61","ESP","TRF",0.002160664925929519
"ES62","ESP","CHE",0.00407094404969765
"ES62","ESP","ENE",0.0541303701696779
"ES62","ESP","IND",0.004102389315253608
"ES62","ESP","NFE",3.9347454957557204e-5
"ES62","ESP","NMM",0.00366598580196241
"ES62","ESP","PRO",4.893604892031642e-4
"ES62","ESP","REF",0.015444543818022854
"ES62","ESP","SWD_INC",9.580121579053603e-5
"ES62","ESP","TRF",3.7791992252202454e-4
"ES63","ESP","CHE",8.495807776568449e-5
"ES63","ESP","ENE",0.0010506058042503222
"ES63","ESP","IND",2.3651840128712174e-4
"ES63","ESP","NFE",1.741501347688021e-6
"ES63","ESP","NMM",1.8222389028549603e-4
"ES63","ESP","PRO",3.900912390302924e-8
"ES63","ESP","SWD_INC",6.912631081008949e-6
"ES63","ESP","TRF",2.4481182514833428e-5
"ES64","ESP","CHE",8.65904491321187e-5
"ES64","ESP","ENE",8.184952196063226e-4
"ES64","ESP","IND",2.4106235281147015e-4
"ES64","ESP","NFE",1.7749663444679555e-6
"ES64","ESP","NMM",1.8572491077564594e-4
"ES64","ESP","PRO",3.975868308193986e-8
"ES64","ESP","SWD_INC",7.0454410041260355e-6
"ES64","ESP","TRF",2.49515055331586e-5
"FI19","FIN","CHE",0.002261496997472127
"FI19","FIN","ENE",0.07872523808948545
"FI19","FIN","IND",0.00590159510405122
"FI19","FIN","NFE",1.600119383515404e-5
"FI19","FIN","NMM",0.001214555284206764
"FI19","FIN","PRO",0.024030212625190405
"FI19","FIN","SWD_INC",4.771735526582939e-4
"FI19","FIN","TRF",2.621103795942421e-4
"FI1B","FIN","CHE",0.0037518034462443884
"FI1B","FIN","ENE",0.07348345358132392
"FI1B","FIN","IND",0.008637316131396955
"FI1B","FIN","IRO",0.002807231877051513
"FI1B","FIN","NFE",2.654587226044979e-5
"FI1B","FIN","NMM",0.0076738427146369305
"FI1B","FIN","PRO",0.013657654501175408
"FI1B","FIN","REF",0.016947178277894184
"FI1B","FIN","SWD_INC",7.916278356219069e-4
"FI1B","FIN","TRF",0.004003796759068909
"FI1C","FIN","CHE",0.015575805697103958
"FI1C","FIN","ENE",0.029094386561493227
"FI1C","FIN","IND",0.012949941523682772
"FI1C","FIN","IRO",0.0014362215738953847
"FI1C","FIN","NFE",1.4995629188643426e-5
"FI1C","FIN","NMM",0.009026064284669743
"FI1C","FIN","PRO",0.019277747821839837
"FI1C","FIN","REF",0.004236782785657917
"FI1C","FIN","SWD_INC",4.4718650949992686e-4
"FI1C","FIN","TRF",2.4563851751065906e-4
"FI1D","FIN","CHE",0.0036585133094569496
"FI1D","FIN","ENE",0.009501665449031088
"FI1D","FIN","IND",0.01227370814661028
"FI1D","FIN","IRO",0.011652589220499523
"FI1D","FIN","NFE",5.561924685000431e-5
"FI1D","FIN","NMM",0.0011955564089778106
"FI1D","FIN","PRO",0.038360519107959824
"FI1D","FIN","SWD_INC",4.69709344429088e-4
"FI1D","FIN","TRF",0.013619492094467493
"FI20","FIN","CHE",2.014851481742665e-6
"FI20","FIN","IND",4.002630893465382e-6
"FI20","FIN","NFE",1.4256074365947468e-8
"FI20","FIN","NMM",1.0820932486475042e-6
"FI20","FIN","SWD_INC",4.2513199044695394e-7
"FI20","FIN","TRF",2.3352448432655487e-7
"FR10","FRA","CHE",0.024661660572296372
"FR10","FRA","ENE",0.1032843290234998
"FR10","FRA","IND",0.04443699124971863
"FR10","FRA","IRO",0.0012771398543360475
"FR10","FRA","NFE",5.920014861987967e-4
"FR10","FRA","NMM",0.015742088164641708
"FR10","FRA","PRO",0.0023513350595052007
"FR10","FRA","REF",0.0027545996261454336
"FR10","FRA","SWD_INC",0.004230849525997908
"FR10","FRA","TRF",0.014941198368206754
"FRB0","FRA","CHE",0.0021067029263369505
"FRB0","FRA","ENE",7.103184840594769e-4
"FRB0","FRA","IND",0.007823698234494027
"FRB0","FRA","IRO",2.3944657648895055e-4
"FRB0","FRA","NFE",7.993833135903898e-5
"FRB0","FRA","NMM",0.007647633804627095
"FRB0","FRA","PRO",0.0023887092489240256
"FRB0","FRA","SWD_INC",0.0043329104595907254
"FRB0","FRA","TRF",0.001254728119830873
"FRC1","FRA","CHE",0.0011989412407750599
"FRC1","FRA","ENE",0.0030685572479232275
"FRC1","FRA","IND",0.0036901904081711144
"FRC1","FRA","IRO",1.3332827188474044e-4
"FRC1","FRA","NFE",4.429227352820044e-5
"FRC1","FRA","NMM",0.002379851608202501
"FRC1","FRA","PRO",0.0013122808978437894
"FRC1","FRA","SWD_INC",2.563826750663492e-4
"FRC1","FRA","TRF",7.139481903388589e-4
"FRC2","FRA","CHE",9.548259718598341e-4
"FRC2","FRA","ENE",0.0012777471163616134
"FRC2","FRA","IND",0.002807625617152292
"FRC2","FRA","NFE",3.527396430877617e-5
"FRC2","FRA","NMM",0.001832008512187941
"FRC2","FRA","PRO",8.267344843347215e-4
"FRC2","FRA","SWD_INC",1.568383422405061e-4
"FRC2","FRA","TRF",5.685582519572096e-4
"FRD1","FRA","CHE",0.0023887805181935346
"FRD1","FRA","ENE",0.0026710501182043156
"FRD1","FRA","IND",0.003437982356896449
"FRD1","FRA","NFE",3.960251395859729e-5
"FRD1","FRA","NMM",0.0024718255179692087
"FRD1","FRA","PRO",0.0011500497367626847
"FRD1","FRA","REF",0.003350662878445854
"FRD1","FRA","SWD_INC",2.1690414587950815e-4
"FRD1","FRA","TRF",6.383541123699099e-4
"FRD2","FRA","CHE",0.01834847200931686
"FRD2","FRA","ENE",0.020765230664558303
"FRD2","FRA","IND",0.01624815359013721
"FRD2","FRA","IRO",3.560353151644639e-5
"FRD2","FRA","NFE",6.0245454502968705e-5
"FRD2","FRA","NMM",0.0035186983206532373
"FRD2","FRA","PRO",9.941263112739037e-4
"FRD2","FRA","REF",0.01826876814192728
"FRD2","FRA","SWD_INC",4.414524150155786e-4
"FRD2","FRA","TRF",9.711021401901308e-4
"FRE1","FRA","CHE",0.009195641718150786
"FRE1","FRA","ENE",0.0902707557861079
"FRE1","FRA","IND",0.020651524615563955
"FRE1","FRA","IRO",0.007541892345959588
"FRE1","FRA","NFE",0.002777272684889213
"FRE1","FRA","NMM",0.03320636459776114
"FRE1","FRA","PRO",0.0016678933386671967
"FRE1","FRA","REF",0.005064014607148743
"FRE1","FRA","SWD_INC",9.229926564994722e-4
"FRE1","FRA","TRF",0.06929426603288631
"FRE2","FRA","CHE",0.001672223384556682
"FRE2","FRA","ENE",6.64396729524213e-4
"FRE2","FRA","IND",0.005752412073252091
"FRE2","FRA","NFE",7.091644914452882e-5
"FRE2","FRA","NMM",0.0015004315397955184
"FRE2","FRA","PRO",0.0014974005347688363
"FRE2","FRA","SWD_INC",3.291004239546132e-4
"FRE2","FRA","TRF",9.700889452622411e-4
"FRF1","FRA","CHE",0.008835476900752095
"FRF1","FRA","ENE",0.009746227324286243
"FRF1","FRA","IND",0.010032038873969615
"FRF1","FRA","NFE",7.81829103522258e-5
"FRF1","FRA","NMM",0.0028460372965804503
"FRF1","FRA","PRO",9.101976203919384e-4
"FRF1","FRA","REF",0.002142465059880959
"FRF1","FRA","SWD_INC",4.990141240643521e-4
"FRF1","FRA","TRF",0.001260252462522132
"FRF2","FRA","CHE",0.0010723565340975804
"FRF2","FRA","ENE",0.002016665115802374
"FRF2","FRA","IND",0.0039420916110443046
"FRF2","FRA","NFE",4.19833967047967e-5
"FRF2","FRA","NMM",0.0034805995204344447
"FRF2","FRA","PRO",0.0013031272655471481
"FRF2","FRA","SWD_INC",2.2053059193485576e-4
"FRF2","FRA","TRF",6.385500984237645e-4
"FRF3","FRA","CHE",0.004583725581177832
"FRF3","FRA","ENE",0.0664530212427941
"FRF3","FRA","IND",0.011118454470655641
"FRF3","FRA","IRO",0.008487557217951136
"FRF3","FRA","NFE",8.35905564753202e-5
"FRF3","FRA","NMM",0.01423127194841514
"FRF3","FRA","PRO",0.0017390203841830675
"FRF3","FRA","SWD_INC",3.716681563380312e-4
"FRF3","FRA","TRF",0.053077599221136196
"FRG0","FRA","CHE",0.0042453129873505895
"FRG0","FRA","ENE",0.05056330683522328
"FRG0","FRA","IND",0.010914164147490182
"FRG0","FRA","NFE",1.1435936060180907e-4
"FRG0","FRA","NMM",0.010004798759373167
"FRG0","FRA","PRO",0.0027551691063329485
"FRG0","FRA","REF",0.006427395199539076
"FRG0","FRA","SWD_INC",6.503536072527236e-4
"FRG0","FRA","TRF",0.0018433257181547757
"FRH0","FRA","CHE",0.0025228608760823547
"FRH0","FRA","ENE",0.0072814947063307295
"FRH0","FRA","IND",0.0060801441379833366
"FRH0","FRA","NFE",1.0726850729906576e-4
"FRH0","FRA","NMM",0.0023201129608807006
"FRH0","FRA","PRO",0.0015141549830637302
"FRH0","FRA","SWD_INC",0.003648858714674852
"FRH0","FRA","TRF",0.001500057851510485
"FRI1","FRA","CHE",0.007102616883495485
"FRI1","FRA","ENE",0.008617954079209634
"FRI1","FRA","IND",0.011302496800759896
"FRI1","FRA","NFE",1.0655829804413032e-4
"FRI1","FRA","NMM",0.0026565401668232104
"FRI1","FRA","PRO",0.002171229815378884
"FRI1","FRA","SWD_INC",6.659996571688497e-4
"FRI1","FRA","TRF",0.0017175894497378967
"FRI2","FRA","CHE",5.022084696010565e-4
"FRI2","FRA","ENE",0.003142555586763917
"FRI2","FRA","IND",0.002075202263228932
"FRI2","FRA","NFE",1.8552997930501548e-5
"FRI2","FRA","NMM",4.6253396690344034e-4
"FRI2","FRA","PRO",6.843002354047969e-4
"FRI2","FRA","SWD_INC",0.0031182201708448687
"FRI2","FRA","TRF",2.991100969147046e-4
"FRI3","FRA","CHE",0.0012400670183602036
"FRI3","FRA","ENE",0.0019751984555415446
"FRI3","FRA","IND",0.006091110651714558
"FRI3","FRA","NFE",4.5811567179668234e-5
"FRI3","FRA","NMM",0.006693433162509703
"FRI3","FRA","PRO",0.001346639915210277
"FRI3","FRA","SWD_INC",2.0369161505200107e-4
"FRI3","FRA","TRF",7.384142754680048e-4
"FRJ1","FRA","CHE",0.0029853664278255776
"FRJ1","FRA","ENE",0.0027776052350211946
"FRJ1","FRA","IND",0.009678408060770666
"FRJ1","FRA","IRO",9.795546314836571e-5
"FRJ1","FRA","NFE",1.2963597687333205e-4
"FRJ1","FRA","NMM",0.006231392916723292
"FRJ1","FRA","PRO",0.0017898833066732928
"FRJ1","FRA","SWD_INC",6.072831859185423e-4
"FRJ1","FRA","TRF",0.001777862801438083
"FRJ2","FRA","CHE",0.006200473764262661
"FRJ2","FRA","ENE",0.010045334870920058
"FRJ2","FRA","IND",0.008411583764847299
"FRJ2","FRA","IRO",1.632593137605034e-5
"FRJ2","FRA","NFE",1.2326297621982922e-4
"FRJ2","FRA","NMM",0.004095513098957037
"FRJ2","FRA","PRO",0.0019921548318392645
"FRJ2","FRA","SWD_INC",5.805642270275509e-4
"FRJ2","FRA","TRF",0.0015460024419408657
"FRK1","FRA","CHE",0.0010786249713257347
"FRK1","FRA","ENE",0.013553118805960543
"FRK1","FRA","IND",0.00353454569492236
"FRK1","FRA","IRO",6.759692835495359e-5
"FRK1","FRA","NFE",4.0104181107240574e-5
"FRK1","FRA","NMM",0.0018429671408905805
"FRK1","FRA","PRO",0.001052448460889458
"FRK1","FRA","SWD_INC",1.7717345004021392e-4
"FRK1","FRA","TRF",6.425406775446155e-4
"FRK2","FRA","CHE",0.006830320951206878
"FRK2","FRA","ENE",0.01371144610674515
"FRK2","FRA","IND",0.021515150027199736
"FRK2","FRA","IRO",2.425952660070918e-4
"FRK2","FRA","NFE",0.003044350306191498
"FRK2","FRA","NMM",0.01356728760365796
"FRK2","FRA","PRO",0.003177980020612212
"FRK2","FRA","REF",0.00331108769000376
"FRK2","FRA","SWD_INC",0.0066149652114015035
"FRK2","FRA","TRF",0.004060784053398729
"FRL0","FRA","CHE",0.005933538576126226
"FRL0","FRA","ENE",0.06705395949158131
"FRL0","FRA","IND",0.020300380274170606
"FRL0","FRA","IRO",0.0038941896951657407
"FRL0","FRA","NFE",5.340979033854083e-4
"FRL0","FRA","NMM",0.014116933361362641
"FRL0","FRA","PRO",0.0023128675383918083
"FRL0","FRA","REF",0.016555426664447623
"FRL0","FRA","SWD_INC",0.0014188535616540992
"FRL0","FRA","TRF",0.043333437769818
"FRM0","FRA","CHE",2.583721287975838e-4
"FRM0","FRA","ENE",0.002538131607855681
"FRM0","FRA","IND",6.345590352159146e-4
"FRM0","FRA","NFE",9.54499202521659e-6
"FRM0","FRA","NMM",2.379604525678293e-4
"FRM0","FRA","PRO",1.6827263824642283e-4
"FRM0","FRA","SWD_INC",4.2439830494686135e-5
"FRM0","FRA","TRF",1.538586250912484e-4
"HR02","HRV","CHE",0.023623837235063682
"HR02","HRV","ENE",0.007251544578601634
"HR02","HRV","IND",0.0040221917551989655
"HR02","HRV","IRO",9.265193505264506e-5
"HR02","HRV","NFE",1.0520722907777548e-5
"HR02","HRV","NMM",0.005050443651446579
"HR02","HRV","PRO",2.2967650591529528e-4
"HR02","HRV","REF",0.0022319673242221687
"HR02","HRV","SWD_INC",4.971316113217953e-5
"HR02","HRV","TRF",7.684290588413793e-4
"HR03","HRV","CHE",8.805467860422217e-4
"HR03","HRV","ENE",0.018724006327330296
"HR03","HRV","IND",0.005912908845577511
"HR03","HRV","NFE",1.4626017958167273e-5
"HR03","HRV","NMM",0.013373950018629208
"HR03","HRV","PRO",4.165729504870953e-6
"HR03","HRV","REF",0.0037321370630290594
"HR03","HRV","SWD_INC",6.911167628098757e-5
"HR03","HRV","TRF",0.001068276962198598
"HR05","HRV","CHE",6.054852001657931e-4
"HR05","HRV","ENE",0.009816866116063333
"HR05","HRV","IND",0.002196930928256702
"HR05","HRV","NFE",1.0057199792732802e-5
"HR05","HRV","NMM",0.002420417617640441
"HR05","HRV","PRO",4.705985748910466e-6
"HR05","HRV","REF",0.0012602723203317902
"HR05","HRV","SWD_INC",4.7522942588753554e-5
"HR05","HRV","TRF",7.34573893840676e-4
"HR06","HRV","CHE",5.455383683627719e-4
"HR06","HRV","ENE",0.0042282076391409055
"HR06","HRV","IND",0.0019794199692066174
"HR06","HRV","NFE",9.061476499306612e-6
"HR06","HRV","NMM",0.0021807797485339743
"HR06","HRV","PRO",0.001774270339516915
"HR06","HRV","REF",0.001679216731826844
"HR06","HRV","SWD_INC",4.28178368567351e-5
"HR06","HRV","TRF",6.618463885351055e-4
"HU11","HUN","CHE",0.00849077387068489
"HU11","HUN","ENE",0.025506672675381422
"HU11","HUN","IND",0.006167043694874245
"HU11","HUN","IRO",7.208005049901958e-7
"HU11","HUN","NFE",9.481467888795101e-5
"HU11","HUN","NMM",0.0015116185871782808
"HU11","HUN","PRO",0.001418637663897316
"HU11","HUN","SWD_INC",2.6723818758014027e-4
"HU11","HUN","TRF",9.718052022457866e-4
"HU12","HUN","CHE",0.006174239370976917
"HU12","HUN","ENE",0.023909965384424307
"HU12","HUN","IND",0.0050964727735562975
"HU12","HUN","IRO",8.153818533857827e-6
"HU12","HUN","NFE",6.894645441517288e-5
"HU12","HUN","NMM",0.0017097740840006962
"HU12","HUN","PRO",0.003871707350960098
"HU12","HUN","REF",2.8618720752246886e-4
"HU12","HUN","SWD_INC",1.4033993650650452e-4
"HU12","HUN","TRF",7.808337037091229e-4
"HU21","HUN","CHE",0.012903936634697816
"HU21","HUN","ENE",0.021780443835291083
"HU21","HUN","IND",0.009185923359243564
"HU21","HUN","IRO",4.11818673138124e-4
"HU21","HUN","NFE",4.523643622544728e-5
"HU21","HUN","NMM",0.0036292421692956075
"HU21","HUN","PRO",0.005846706232344103
"HU21","HUN","REF",0.003900259997252054
"HU21","HUN","SWD_INC",6.514397731440579e-5
"HU21","HUN","TRF",0.003607198022497704
"HU22","HUN","CHE",0.0034558483233826836
"HU22","HUN","ENE",0.014721855303515524
"HU22","HUN","IND",0.0025172590026065877
"HU22","HUN","NFE",3.8590738916595074e-5
"HU22","HUN","NMM",6.152466032575841e-4
"HU22","HUN","PRO",0.003783856419646025
"HU22","HUN","SWD_INC",5.5573635831151684e-5
"HU22","HUN","TRF",3.9268403070806226e-4
"HU23","HUN","CHE",0.0029287786227501426
"HU23","HUN","ENE",4.16452670821177e-4
"HU23","HUN","IND",0.00462592577227306
"HU23","HUN","NFE",3.270508448141539e-5
"HU23","HUN","NMM",0.0074266053455466306
"HU23","HUN","PRO",0.0011575294033204315
"HU23","HUN","SWD_INC",4.709782254086805e-5
"HU23","HUN","TRF",3.32793766983097e-4
"HU31","HUN","CHE",0.007373293081914151
"HU31","HUN","ENE",0.05260399103871133
"HU31","HUN","IND",0.006004832933731807
"HU31","HUN","IRO",5.105898691814852e-4
"HU31","HUN","NFE",5.0392423105628056e-5
"HU31","HUN","NMM",0.006093955531928999
"HU31","HUN","PRO",0.01162041615768482
"HU31","HUN","REF",0.010055741458472572
"HU31","HUN","SWD_INC",7.25690141648046e-5
"HU31","HUN","TRF",0.006251400459998783
"HU32","HUN","CHE",0.0068165421250363425
"HU32","HUN","ENE",0.005022878877154622
"HU32","HUN","IND",0.004416345459183815
"HU32","HUN","NFE",6.79122808489416e-5
"HU32","HUN","NMM",0.001082716108759283
"HU32","HUN","PRO",0.0066241614074763104
"HU32","HUN","REF",0.0033097204385183457
"HU32","HUN","SWD_INC",9.779889812095863e-5
"HU32","HUN","TRF",6.910485549396397e-4
"HU33","HUN","CHE",0.0050203070224917835
"HU33","HUN","ENE",5.445091767224981e-4
"HU33","HUN","IND",0.004137824011383061
"HU33","HUN","IRO",3.052833034628439e-4
"HU33","HUN","NFE",5.60607216304446e-5
"HU33","HUN","NMM",8.937688614752634e-4
"HU33","HUN","PRO",0.007478704464560011
"HU33","HUN","SWD_INC",8.07317972283358e-5
"HU33","HUN","TRF",0.002903257324684188
"IE04","IRL","CHE",0
"IE04","IRL","ENE",0.009870027418244802
"IE04","IRL","IND",0.0030242773710155604
"IE04","IRL","IRO",0
"IE04","IRL","NFE",1.001294761435902e-5
"IE04","IRL","NMM",0.005260732264126269
"IE04","IRL","PRO",0.004804542263637653
"IE04","IRL","SWD_INC",2.550871151986948e-4
"IE04","IRL","TRF",1.1374039272666944e-4
"IE05","IRL","CHE",0
"IE05","IRL","ENE",0.07519478750461754
"IE05","IRL","IND",0.005854131385782183
"IE05","IRL","IRO",0
"IE05","IRL","NFE",2.5607658583193986e-5
"IE05","IRL","NMM",0.006682414888800207
"IE05","IRL","PRO",0.011491021718761815
"IE05","IRL","REF",0.003089003783162924
"IE05","IRL","SWD_INC",6.523731329445397e-4
"IE05","IRL","TRF",2.908857282394233e-4
"IE06","IRL","CHE",0
"IE06","IRL","ENE",0.045299360926765196
"IE06","IRL","IND",0.014690378997873411
"IE06","IRL","IRO",0
"IE06","IRL","NFE",6.194084500622692e-5
"IE06","IRL","NMM",0.01973567123520188
"IE06","IRL","PRO",0.00816891752948267
"IE06","IRL","SWD_INC",0.0015779871470088117
"IE06","IRL","TRF",7.036073158913298e-4
"ITC1","ITA","CHE",0.0036592183331969758
"ITC1","ITA","ENE",0.11193405797246869
"ITC1","ITA","IND",0.011296596014317628
"ITC1","ITA","IRO",0.0025995300031662035
"ITC1","ITA","NFE",2.0787857345709365e-4
"ITC1","ITA","NMM",0.011992095925201634
"ITC1","ITA","PRO",0.0017015882831480226
"ITC1","ITA","REF",0.015634005746038973
"ITC1","ITA","SWD_INC",7.039609731285355e-4
"ITC1","ITA","TRF",7.490919321664996e-4
"ITC2","ITA","CHE",9.108292149950068e-5
"ITC2","ITA","IND",4.069580424445592e-4
"ITC2","ITA","IRO",3.5231751890196246e-4
"ITC2","ITA","NFE",5.174369264502641e-6
"ITC2","ITA","NMM",1.186693746948369e-4
"ITC2","ITA","PRO",1.2270214620489092e-4
"ITC2","ITA","SWD_INC",1.7492432700622804e-5
"ITC2","ITA","TRF",1.8645906945816806e-5
"ITC3","ITA","CHE",0.0013765336662361026
"ITC3","ITA","ENE",0.04201582463790286
"ITC3","ITA","IND",0.005041926263994821
"ITC3","ITA","IRO",0.0011218170782888225
"ITC3","ITA","NFE",7.820018255374228e-5
"ITC3","ITA","NMM",0.0018066337783115374
"ITC3","ITA","PRO",5.33236433220299e-4
"ITC3","ITA","REF",0.003430850561148209
"ITC3","ITA","SWD_INC",2.6436275381220507e-4
"ITC3","ITA","TRF",0.0014128795262908366
"ITC4","ITA","CHE",0.009263808972700563
"ITC4","ITA","ENE",0.2180303886292354
"ITC4","ITA","IND",0.027541281152385536
"ITC4","ITA","IRO",0.003743797571267141
"ITC4","ITA","NFE",5.276339722820567e-4
"ITC4","ITA","NMM",0.035062369567626935
"ITC4","ITA","PRO",0.0032355335997114234
"ITC4","ITA","REF",0.013220944807599475
"ITC4","ITA","SWD_INC",0.0046781463855405615
"ITC4","ITA","TRF",0.001896428263434306
"ITF1","ITA","CHE",9.959662865351763e-4
"ITF1","ITA","ENE",0.02951375941068555
"ITF1","ITA","IND",0.0038494477656322514
"ITF1","ITA","NFE",5.658037823691412e-5
"ITF1","ITA","NMM",0.0035180958218177377
"ITF1","ITA","PRO",6.453646587204386e-4
"ITF1","ITA","SWD_INC",1.9127498572374884e-4
"ITF1","ITA","TRF",3.141114114107415e-4
"ITF2","ITA","CHE",2.1870343538609742e-4
"ITF2","ITA","ENE",0.021023001231603042
"ITF2","ITA","IND",0.0011120489191828258
"ITF2","ITA","NFE",1.242443251243141e-5
"ITF2","ITA","NMM",0.001611594551166219
"ITF2","ITA","PRO",2.2064785524842913e-4
"ITF2","ITA","SWD_INC",4.200191346432437e-5
"ITF2","ITA","TRF",4.4771557834692706e-5
"ITF3","ITA","CHE",0.005306354884036054
"ITF3","ITA","ENE",0.04387415939439481
"ITF3","ITA","IND",0.017214019029475242
"ITF3","ITA","IRO",5.221748190464259e-4
"ITF3","ITA","NFE",3.014516696124603e-4
"ITF3","ITA","NMM",0.009609863483913522
"ITF3","ITA","PRO",0.0012620311550571612
"ITF3","ITA","SWD_INC",0.0010190845139430517
"ITF3","ITA","TRF",0.003256753198077315
"ITF4","ITA","CHE",0.006488355414835896
"ITF4","ITA","ENE",0.11690755658104433
"ITF4","ITA","IND",0.02475930870327912
"ITF4","ITA","IRO",0.005483518181381591
"ITF4","ITA","NFE",2.1243132394771177e-4
"ITF4","ITA","NMM",0.008020349887995083
"ITF4","ITA","PRO",0.0010966081450206862
"ITF4","ITA","REF",0.005422004182625022
"ITF4","ITA","SWD_INC",8.861986980272032e-4
"ITF4","ITA","TRF",0.009981841760096418
"ITF5","ITA","CHE",4.7033098705500243e-4
"ITF5","ITA","ENE",0.007606346176325307
"ITF5","ITA","IND",0.0014700513594274813
"ITF5","ITA","NFE",2.6719276301529517e-5
"ITF5","ITA","NMM",0.0016242477384547868
"ITF5","ITA","PRO",3.687396241790456e-4
"ITF5","ITA","SWD_INC",9.032693963428417e-5
"ITF5","ITA","TRF",9.628320865519601e-5
"ITF6","ITA","CHE",0.0015582863344122642
"ITF6","ITA","ENE",0.07668314634664897
"ITF6","ITA","IND",0.004409013896006451
"ITF6","ITA","NFE",8.945365174768063e-5
"ITF6","ITA","NMM",0.004415783577043417
"ITF6","ITA","PRO",8.955884602858743e-4
"ITF6","ITA","SWD_INC",2.992684907457104e-4
"ITF6","ITA","TRF",3.4349667634725115e-4
"ITG1","ITA","CHE",0.008850699440221918
"ITG1","ITA","ENE",0.07770498818946549
"ITG1","ITA","IND",0.012374626265696485
"ITG1","ITA","NFE",2.6148531006016477e-4
"ITG1","ITA","NMM",0.011397133060683393
"ITG1","ITA","PRO",0.0017301189676699772
"ITG1","ITA","REF",0.044821890094920894
"ITG1","ITA","SWD_INC",8.839742945457097e-4
"ITG1","ITA","TRF",0.0019636694913166804
"ITG2","ITA","CHE",0.0014179675951774843
"ITG2","ITA","ENE",0.04270135736133294
"ITG2","ITA","IND",0.0042831373489841725
"ITG2","ITA","NFE",1.3341728192776663e-4
"ITG2","ITA","NMM",0.003975851398443882
"ITG2","ITA","PRO",0.0012774032573116218
"ITG2","ITA","REF",0.01807338625245799
"ITG2","ITA","SWD_INC",5.173363385071648e-4
"ITG2","ITA","TRF",4.739827983247232e-4
"ITH1","ITA","CHE",3.9193575326399506e-4
"ITH1","ITA","ENE",0.004339476740104454
"ITH1","ITA","IND",9.597521391068713e-4
"ITH1","ITA","IRO",1.9044213887424777e-4
"ITH1","ITA","NFE",2.5978249346257605e-5
"ITH1","ITA","NMM",5.106422852096364e-4
"ITH1","ITA","PRO",3.520086725469238e-4
"ITH1","ITA","SWD_INC",7.527115477966697e-5
"ITH1","ITA","TRF",8.023453256138212e-5
"ITH2","ITA","CHE",4.362403117801281e-4
"ITH2","ITA","ENE",0.0031978499616639186
"ITH2","ITA","IND",0.00144489282275976
"ITH2","ITA","NFE",2.478259156022041e-5
"ITH2","ITA","NMM",9.218750144522214e-4
"ITH2","ITA","PRO",2.84167172790674e-4
"ITH2","ITA","SWD_INC",8.377985733211476e-5
"ITH2","ITA","TRF",8.930435524680827e-5
"ITH3","ITA","CHE",0.005714841203987298
"ITH3","ITA","ENE",0.10853329040573619
"ITH3","ITA","IND",0.012391036463845905
"ITH3","ITA","IRO",5.7132516554338e-4
"ITH3","ITA","NFE",2.4303420545018084e-4
"ITH3","ITA","NMM",0.018009465668559623
"ITH3","ITA","PRO",0.0021079618688147244
"ITH3","ITA","REF",0.004217111741606954
"ITH3","ITA","SWD_INC",8.04310718594813e-4
"ITH3","ITA","TRF",9.592427006717297e-4
"ITH4","ITA","CHE",0.0010043393032542957
"ITH4","ITA","ENE",0.029071384375328458
"ITH4","ITA","IND",0.005782515409088233
"ITH4","ITA","IRO",9.916257157589388e-4
"ITH4","ITA","NFE",6.262492819601365e-5
"ITH4","ITA","NMM",0.0033780276883242253
"ITH4","ITA","PRO",0.0012718996695184961
"ITH4","ITA","SWD_INC",4.473225330471971e-4
"ITH4","ITA","TRF",6.574732398378929e-4
"ITH5","ITA","CHE",0.012856751324487022
"ITH5","ITA","ENE",0.10559654552739185
"ITH5","ITA","IND",0.019550448574272353
"ITH5","ITA","IRO",3.1707728729592843e-5
"ITH5","ITA","NFE",2.0779456723108873e-4
"ITH5","ITA","NMM",0.007103014499601563
"ITH5","ITA","PRO",0.0021127839460569516
"ITH5","ITA","REF",0.001110535334755757
"ITH5","ITA","SWD_INC",0.0020397863809923735
"ITH5","ITA","TRF",7.487894903409733e-4
"ITI1","ITA","CHE",0.0031480877780248823
"ITI1","ITA","ENE",0.05919175858463918
"ITI1","ITA","IND",0.012005772167465126
"ITI1","ITA","IRO",5.886981167312039e-4
"ITI1","ITA","NFE",1.8187339497784406e-4
"ITI1","ITA","NMM",0.006272333768910017
"ITI1","ITA","PRO",0.0027599185072045983
"ITI1","ITA","REF",0.005852967327665479
"ITI1","ITA","SWD_INC",6.045893701310497e-4
"ITI1","ITA","TRF",0.0026997204168470977
"ITI2","ITA","CHE",0.0015953418579357367
"ITI2","ITA","ENE",0.015265125603563868
"ITI2","ITA","IND",0.004544804394432524
"ITI2","ITA","IRO",8.093781518434766e-4
"ITI2","ITA","NFE",4.6927673483010896e-5
"ITI2","ITA","NMM",0.013419139939907558
"ITI2","ITA","PRO",3.752990591698948e-4
"ITI2","ITA","SWD_INC",1.3040414748013862e-4
"ITI2","ITA","TRF",1.3900313902095264e-4
"ITI3","ITA","CHE",0.001193202901160502
"ITI3","ITA","ENE",0.005881208769216902
"ITI3","ITA","IND",0.0030346269419982454
"ITI3","ITA","NFE",6.778531066847249e-5
"ITI3","ITA","NMM",0.002116154469162665
"ITI3","ITA","PRO",6.474949379643989e-4
"ITI3","ITA","REF",0.005120781072370504
"ITI3","ITA","SWD_INC",2.2915419129466793e-4
"ITI3","ITA","TRF",3.4224136898146064e-4
"ITI4","ITA","CHE",0.005040100403015422
"ITI4","ITA","ENE",0.16537535987812169
"ITI4","ITA","IND",0.012449415291618356
"ITI4","ITA","NFE",2.863259234409577e-4
"ITI4","ITA","NMM",0.012302911896453503
"ITI4","ITA","PRO",0.001685425315271246
"ITI4","ITA","REF",0.005422004182625022
"ITI4","ITA","SWD_INC",9.679497303736088e-4
"ITI4","ITA","TRF",0.0012522250579703371
"LT01","LTU","CHE",0.008750424277940667
"LT01","LTU","ENE",0.011109709401288432
"LT01","LTU","IND",0.0016632208151291944
"LT01","LTU","NMM",0.001458999033113443
"LT01","LTU","PRO",0.0014751564015222061
"LT01","LTU","SWD_INC",8.5073818620602e-5
"LT01","LTU","TRF",7.096280423677914e-5
"LT02","LTU","CHE",0.05421839617502018
"LT02","LTU","ENE",0.001684247759905009
"LT02","LTU","IND",0.006057493612470327
"LT02","LTU","NMM",0.008255050344144262
"LT02","LTU","PRO",0.0045316399597772
"LT02","LTU","REF",0.017332423308056344
"LT02","LTU","SWD_INC",1.8635702496811666e-4
"LT02","LTU","TRF",4.223046970264095e-4
"LU00","LUX","ENE",0.0035048479437203334
"LU00","LUX","IND",0.005371712023727951
"LU00","LUX","IRO",0.0010374300382382734
"LU00","LUX","NMM",0.007525069898635927
"LU00","LUX","PRO",4.949206990120096e-4
"LU00","LUX","SWD_INC",6.974670356413395e-5
"LV00","LVA","CHE",1.642971130689408e-6
"LV00","LVA","ENE",0.022882126813924906
"LV00","LVA","IND",0.0037064063792761944
"LV00","LVA","IRO",0
"LV00","LVA","NMM",0.009412022419979611
"LV00","LVA","PRO",0.0038827455423373447
"LV00","LVA","SWD_INC",1.576901808379581e-4
"LV00","LVA","TRF",3.140413177926171e-4
"MT00","MLT","CHE",3.167249385424499e-7
"MT00","MLT","ENE",0.011631850009448597
"MT00","MLT","IND",2.1492616154748e-4
"MT00","MLT","NMM",2.6327297632110768e-5
"MT00","MLT","PRO",5.724965398592012e-9
"MT00","MLT","SWD_INC",5.775219715607293e-5
"NL11","NLD","CHE",0.002874895284812897
"NL11","NLD","ENE",0.17710038960441601
"NL11","NLD","IND",0.0020730034740961065
"NL11","NLD","NFE",6.02220951122563e-5
"NL11","NLD","NMM",9.349308967447919e-4
"NL11","NLD","PRO",5.835530642669007e-4
"NL11","NLD","SWD_INC",1.505025527431853e-4
"NL11","NLD","TRF",4.542714008461149e-4
"NL12","NLD","CHE",0.0032238901169684654
"NL12","NLD","ENE",0.025843666978649187
"NL12","NLD","IND",0.002205612247260659
"NL12","NLD","NFE",6.753271128946056e-5
"NL12","NLD","NMM",1.0104722697346858e-4
"NL12","NLD","PRO",7.135093112462241e-4
"NL12","NLD","SWD_INC",1.6877261741982127e-4
"NL12","NLD","TRF",5.094169075930256e-4
"NL13","NLD","CHE",0.0027707398259517375
"NL13","NLD","ENE",0.008258814959469058
"NL13","NLD","IND",0.001901429960885019
"NL13","NLD","NFE",5.8040353549243674e-5
"NL13","NLD","NMM",1.33316159870637e-4
"NL13","NLD","PRO",7.086097527138038e-4
"NL13","NLD","SWD_INC",1.4530472663171282e-4
"NL13","NLD","TRF",4.378131452918283e-4
"NL21","NLD","CHE",0.0066097588585142366
"NL21","NLD","ENE",0.0065935123520729924
"NL21","NLD","IND",0.004522038286741818
"NL21","NLD","NFE",1.3845845768014793e-4
"NL21","NLD","NMM",2.071712799887081e-4
"NL21","NLD","PRO",9.489286531432014e-4
"NL21","NLD","SWD_INC",3.464202870102375e-4
"NL21","NLD","TRF",0.0010444282654120992
"NL22","NLD","CHE",0.013132780273387164
"NL22","NLD","ENE",0.016403156300710636
"NL22","NLD","IND",0.010151836567616705
"NL22","NLD","NFE",2.7510014269760934e-4
"NL22","NLD","NMM",0.0013029190394897353
"NL22","NLD","PRO",0.0017189226822768389
"NL22","NLD","SWD_INC",6.878971182691467e-4
"NL22","NLD","TRF",0.0020751510013416723
"NL23","NLD","CHE",0.0027862414508787385
"NL23","NLD","ENE",0.02602547730729748
"NL23","NLD","IND",0.0019061959497372316
"NL23","NLD","NFE",5.836508748703139e-5
"NL23","NLD","NMM",8.73298114782725e-5
"NL23","NLD","PRO",4.065047093253244e-4
"NL23","NLD","SWD_INC",1.4586135237427224e-4
"NL23","NLD","TRF",4.402621080188954e-4
"NL31","NLD","CHE",0.00836629341297128
"NL31","NLD","ENE",0.014110813312769036
"NL31","NLD","IND",0.005723762750326985
"NL31","NLD","NFE",1.7525373614607435e-4
"NL31","NLD","NMM",2.622267364241377e-4
"NL31","NLD","PRO",7.140496746682145e-4
"NL31","NLD","SWD_INC",4.3798063336401226e-4
"NL31","NLD","TRF",0.0013219838569810554
"NL32","NLD","CHE",0.01889483755638897
"NL32","NLD","ENE",0.04236987614348783
"NL32","NLD","IND",0.041650266220505765
"NL32","NLD","IRO",0.008337136678286956
"NL32","NLD","NFE",3.8950091058587405e-4
"NL32","NLD","NMM",0.001919739737403518
"NL32","NLD","PRO",0.0012704452060978175
"NL32","NLD","REF",7.778814077375278e-4
"NL32","NLD","SWD_INC",9.743591796140998e-4
"NL32","NLD","TRF",0.017314990063568476
"NL33","NLD","CHE",0.026713991647459218
"NL33","NLD","ENE",0.18856759095492032
"NL33","NLD","IND",0.023075129598412403
"NL33","NLD","IRO",4.3069783267562874e-5
"NL33","NLD","NFE",5.212596324732035e-4
"NL33","NLD","NMM",0.00255844730053411
"NL33","NLD","PRO",0.00158167569319723
"NL33","NLD","REF",0.08401115865123783
"NL33","NLD","SWD_INC",0.0012969802576057747
"NL33","NLD","TRF",0.003911392748315096
"NL34","NLD","CHE",0.03384403833832066
"NL34","NLD","ENE",0.03658370858897061
"NL34","NLD","IND",0.027858038798581848
"NL34","NLD","NFE",3.649865287849531e-5
"NL34","NLD","NMM",9.459061883716836e-4
"NL34","NLD","PRO",3.4080531794195105e-4
"NL34","NLD","REF",0.012446154078827706
"NL34","NLD","SWD_INC",9.121461805238503e-5
"NL34","NLD","TRF",0.0017288703166114024
"NL41","NLD","CHE",0.015859719900908845
"NL41","NLD","ENE",0.05502145082627096
"NL41","NLD","IND",0.010893291912237722
"NL41","NLD","NFE",3.840785696098594e-4
"NL41","NLD","NMM",5.770758569353476e-4
"NL41","NLD","PRO",0.0016676799329394328
"NL41","NLD","SWD_INC",8.033201220587484e-4
"NL41","NLD","TRF",0.002421721758911665
"NL42","NLD","CHE",0.039839220258585946
"NL42","NLD","ENE",0.045885051484383065
"NL42","NLD","IND",0.006719819087335073
"NL42","NLD","NFE",1.4763061241662067e-4
"NL42","NLD","NMM",5.63531756337791e-4
"NL42","NLD","PRO",8.834704257706067e-4
"NL42","NLD","SWD_INC",3.5841848356324527e-4
"NL42","NLD","TRF",0.0010818366606482953
"PL21","POL","CHE",0.006330035022027246
"PL21","POL","ENE",0.059235970282120506
"PL21","POL","IND",0.025192554298541937
"PL21","POL","IRO",0.004176612053823216
"PL21","POL","NFE",9.135468197821616e-6
"PL21","POL","NMM",0.010252361869172263
"PL21","POL","PRO",0.023746989778738157
"PL21","POL","REF",0.046007880034016964
"PL21","POL","SWD_INC",5.822375506479442e-4
"PL21","POL","TRF",0.030909186955678264
"PL22","POL","CHE",0.004344255497795509
"PL22","POL","ENE",0.4461958400864717
"PL22","POL","IND",0.03590364774969115
"PL22","POL","IRO",0.007204024825981139
"PL22","POL","NFE",1.7741177010545542e-5
"PL22","POL","NMM",0.02768378661448011
"PL22","POL","PRO",0.1612779703328494
"PL22","POL","SWD_INC",9.262047603732333e-4
"PL22","POL","TRF",0.04319454942595704
"PL41","POL","CHE",0.00171312486906944
"PL41","POL","ENE",0.08164470955559133
"PL41","POL","IND",0.009952643341546294
"PL41","POL","NFE",0
"PL41","POL","NMM",0.006131653973837179
"PL41","POL","PRO",0.01930899170922217
"PL41","POL","SWD_INC",5.518255529909701e-4
"PL41","POL","TRF",0.001370216709922513
"PL42","POL","CHE",0.011539510000928562
"PL42","POL","ENE",0.07724564161521309
"PL42","POL","IND",0.005596612433599323
"PL42","POL","IRO",4.0319638091813794e-5
"PL42","POL","NFE",8.626842770954164e-6
"PL42","POL","NMM",0.0030568698640386217
"PL42","POL","PRO",0.009511440210672103
"PL42","POL","SWD_INC",2.751065939811679e-4
"PL42","POL","TRF",0.002109400444899642
"PL43","POL","CHE",5.236372110251753e-4
"PL43","POL","ENE",0.016691042781580224
"PL43","POL","IND",0.0031466629132451407
"PL43","POL","NFE",0
"PL43","POL","NMM",0.00187421319344736
"PL43","POL","PRO",0.008016024876126095
"PL43","POL","SWD_INC",1.6867209998916918e-4
"PL43","POL","TRF",4.21207558256982e-4
"PL51","POL","CHE",0.0016643748305089918
"PL51","POL","ENE",0.16463718638506508
"PL51","POL","IND",0.01002166947620404
"PL51","POL","NFE",4.2661330877045393e-7
"PL51","POL","NMM",0.013890853716974736
"PL51","POL","PRO",0.014597821679127996
"PL51","POL","SWD_INC",5.361222160700852e-4
"PL51","POL","TRF",0.0019942745716839522
"PL52","POL","CHE",0.008613637102175891
"PL52","POL","ENE",0.1539774764684651
"PL52","POL","IND",0.013909631814874172
"PL52","POL","NFE",0
"PL52","POL","NMM",0.024480773793662633
"PL52","POL","PRO",0.006666660944371142
"PL52","POL","SWD_INC",1.4047819243136162e-4
"PL52","POL","TRF",3.2688102348299317e-4
"PL61","POL","CHE",0.02942837382851812
"PL61","POL","ENE",0.0482500774502144
"PL61","POL","IND",0.015781678792250654
"PL61","POL","NFE",0
"PL61","POL","NMM",0.009965083532331125
"PL61","POL","PRO",0.012340766413740841
"PL61","POL","SWD_INC",3.348621102113848e-4
"PL61","POL","TRF",7.791964708549129e-4
"PL62","POL","CHE",0.010222490842429132
"PL62","POL","IND",0.003893460456542495
"PL62","POL","NFE",0
"PL62","POL","NMM",0.002500095809652894
"PL62","POL","PRO",0.009164225111110159
"PL62","POL","SWD_INC",2.2499910131537217e-4
"PL62","POL","TRF",5.235544002660383e-4
"PL63","POL","CHE",0.0012419381865895248
"PL63","POL","ENE",0.026932727754629526
"PL63","POL","IND",0.008493760779643686
"PL63","POL","NFE",0
"PL63","POL","NMM",0.0050695932743130435
"PL63","POL","PRO",0.011255688195065408
"PL63","POL","REF",0.01466387805809359
"PL63","POL","SWD_INC",4.000484219980588e-4
"PL63","POL","TRF",0.0015238345225522482
"PL71","POL","CHE",0.0012802686600543662
"PL71","POL","ENE",0.3351112751208714
"PL71","POL","IND",0.010616089787556264
"PL71","POL","NFE",0
"PL71","POL","NMM",0.010826604667221
"PL71","POL","PRO",0.016860307344891957
"PL71","POL","SWD_INC",4.1239564092666257e-4
"PL71","POL","TRF",0.0010457745659108503
"PL72","POL","CHE",5.546667365483954e-4
"PL72","POL","ENE",0.11772481020094173
"PL72","POL","IND",0.016105581949980057
"PL72","POL","IRO",0.0011310396525244981
"PL72","POL","NFE",1.2798416778224702e-6
"PL72","POL","NMM",0.03814640343341856
"PL72","POL","PRO",0.009117926184493908
"PL72","POL","SWD_INC",1.786671004870705e-4
"PL72","POL","TRF",5.490575639931221e-4
"PL81","POL","CHE",0.0465361923323404
"PL81","POL","ENE",0.023624992955543583
"PL81","POL","IND",0.01759230706114635
"PL81","POL","NFE",0
"PL81","POL","NMM",0.010673319551801752
"PL81","POL","PRO",0.01593866498664673
"PL81","POL","SWD_INC",2.8620920070667e-4
"PL81","POL","TRF",6.947065350879852e-4
"PL82","POL","CHE",9.869800987570142e-4
"PL82","POL","ENE",0.0387607102319928
"PL82","POL","IND",0.006455194880729805
"PL82","POL","IRO",2.3863763457784683e-4
"PL82","POL","NFE",0
"PL82","POL","NMM",0.0035326201300206117
"PL82","POL","PRO",0.013999574426986402
"PL82","POL","SWD_INC",3.179223479893216e-4
"PL82","POL","TRF",0.0015239339637479316
"PL84","POL","CHE",5.257390546235031e-4
"PL84","POL","ENE",0.014441323678499597
"PL84","POL","IND",0.0029265653308631935
"PL84","POL","NFE",0
"PL84","POL","NMM",0.0018817396497679318
"PL84","POL","PRO",0.009725941559484412
"PL84","POL","SWD_INC",1.6934934124384816e-4
"PL84","POL","TRF",3.940618784805378e-4
"PL91","POL","CHE",0.0019039191117761847
"PL91","POL","ENE",0.023115512999095752
"PL91","POL","IND",0.011589754183232425
"PL91","POL","IRO",4.0941960547796947e-4
"PL91","POL","NFE",0
"PL91","POL","NMM",0.0071267527457989106
"PL91","POL","PRO",0.01203628973063377
"PL91","POL","SWD_INC",6.132828542998049e-4
"PL91","POL","TRF",0.0017842002439583161
"PL92","POL","CHE",0.019985473384787292
"PL92","POL","ENE",0.32088432585021476
"PL92","POL","IND",0.0052291885454851805
"PL92","POL","NFE",0
"PL92","POL","NMM",0.0033556047623975716
"PL92","POL","PRO",0.024958072917285763
"PL92","POL","SWD_INC",3.0199157791599304e-4
"PL92","POL","TRF",7.027092672570153e-4
"PT11","PRT","CHE",0.0017973452493511303
"PT11","PRT","ENE",0.03145485830141184
"PT11","PRT","IND",0.00722902195835769
"PT11","PRT","IRO",8.744519295862503e-4
"PT11","PRT","NFE",1.7700589118518816e-5
"PT11","PRT","NMM",0.010055925581719262
"PT11","PRT","PRO",0.002728262495755961
"PT11","PRT","REF",0.007379055357405089
"PT11","PRT","SWD_INC",1.802032400105473e-4
"PT11","PRT","TRF",8.806619253055379e-5
"PT15","PRT","CHE",2.1986549920965462e-4
"PT15","PRT","ENE",7.111986044359424e-5
"PT15","PRT","IND",0.001335459128269006
"PT15","PRT","NFE",2.1652772084625983e-6
"PT15","PRT","NMM",0.0047128415786670255
"PT15","PRT","PRO",4.8605785304968663e-4
"PT15","PRT","SWD_INC",1.0419853838266717e-5
"PT15","PRT","TRF",1.077295432578434e-5
"PT16","PRT","CHE",7.839726680142984e-4
"PT16","PRT","ENE",0.06491022042150524
"PT16","PRT","IND",0.007557153296189094
"PT16","PRT","IRO",1.0287675647270531e-4
"PT16","PRT","NFE",7.720714012321889e-6
"PT16","PRT","NMM",0.019683835756304148
"PT16","PRT","PRO",0.003109778920087776
"PT16","PRT","SWD_INC",3.715401598773853e-5
"PT16","PRT","TRF",3.841306741515351e-5
"PT17","PRT","CHE",0.004926289370140241
"PT17","PRT","ENE",0.01146683187125386
"PT17","PRT","IND",0.01167235047709871
"PT17","PRT","IRO",0
"PT17","PRT","NFE",4.270509809952559e-5
"PT17","PRT","NMM",0.018561798255604917
"PT17","PRT","PRO",0.0010002434407522798
"PT17","PRT","SWD_INC",1.5022864956344448e-4
"PT17","PRT","TRF",8.320791932009077e-5
"PT18","PRT","CHE",9.252554734284513e-4
"PT18","PRT","ENE",0.018662879541268825
"PT18","PRT","IND",0.0021747065920092014
"PT18","PRT","NFE",3.104874166637979e-6
"PT18","PRT","NMM",0.0033700621241329965
"PT18","PRT","PRO",0.0016694995804937098
"PT18","PRT","REF",0.014758110382426639
"PT18","PRT","SWD_INC",7.436036737923116e-5
"PT18","PRT","TRF",1.544775606719939e-5
"RO11","ROU","CHE",0.002587794629814378
"RO11","ROU","ENE",0.002359126478413023
"RO11","ROU","IND",0.005950754192654904
"RO11","ROU","NFE",5.054752678314899e-6
"RO11","ROU","NMM",0.008356074862283847
"RO11","ROU","PRO",0.0010922871290588278
"RO11","ROU","REF",7.034920378590977e-4
"RO11","ROU","SWD_INC",7.00709122318117e-5
"RO11","ROU","TRF",0.0015806376755149072
"RO12","ROU","CHE",0.016183670815566133
"RO12","ROU","ENE",0.020633895438729864
"RO12","ROU","IND",0.008781671328455204
"RO12","ROU","NFE",3.700014586438043e-5
"RO12","ROU","NMM",0.008801961789607179
"RO12","ROU","PRO",7.66791993151551e-4
"RO12","ROU","SWD_INC",6.811817736348684e-5
"RO12","ROU","TRF",0.001638228177275435
"RO21","ROU","CHE",0.00753075705504401
"RO21","ROU","ENE",0.011843214781225011
"RO21","ROU","IND",0.007149620360217328
"RO21","ROU","NFE",5.964674934770868e-6
"RO21","ROU","NMM",0.0077244287074815085
"RO21","ROU","PRO",0.048049210585865025
"RO21","ROU","REF",0.004455441542183005
"RO21","ROU","SWD_INC",8.268473330896536e-5
"RO21","ROU","TRF",0.0018222377424183152
"RO22","ROU","CHE",0.0027185899900374097
"RO22","ROU","ENE",0.00939658877063373
"RO22","ROU","IND",0.01514956926307732
"RO22","ROU","IRO",0.0024880653199972173
"RO22","ROU","NFE",5.310236070496606e-6
"RO22","ROU","NMM",0.025094491356456906
"RO22","ROU","PRO",0.018168918169379846
"RO22","ROU","REF",0.004689940219893877
"RO22","ROU","SWD_INC",7.361256512254912e-5
"RO22","ROU","TRF",0.0016794265613240685
"RO31","ROU","CHE",0.030141673807220055
"RO31","ROU","ENE",0.0281056558609767
"RO31","ROU","IND",0.020757625932237705
"RO31","ROU","IRO",8.542480118694075e-4
"RO31","ROU","NFE",1.0540734259984337e-5
"RO31","ROU","NMM",0.024280478328333664
"RO31","ROU","PRO",0.0020285791964379674
"RO31","ROU","REF",0.013272543114943
"RO31","ROU","SWD_INC",1.4611973487329086e-4
"RO31","ROU","TRF",0.0031845103021244125
"RO32","ROU","CHE",0.003405396965241998
"RO32","ROU","ENE",0.021561480115620046
"RO32","ROU","IND",0.005901209470339353
"RO32","ROU","NFE",6.651778730572261e-6
"RO32","ROU","NMM",0.0051893847609921955
"RO32","ROU","PRO",2.3690817178168922e-4
"RO32","ROU","SWD_INC",9.220956535172896e-5
"RO32","ROU","TRF",0.0019605918802340526
"RO41","ROU","CHE",0.004109550967163347
"RO41","ROU","ENE",0.14842689151584187
"RO41","ROU","IND",0.003248428629115963
"RO41","ROU","NFE",0.016577214231737514
"RO41","ROU","NMM",0.003855769971297277
"RO41","ROU","PRO",0.005622601197550074
"RO41","ROU","SWD_INC",4.800700581218717e-5
"RO41","ROU","TRF",0.0011794303817294646
"RO42","ROU","CHE",0.003702510531093725
"RO42","ROU","ENE",0.06238264864094931
"RO42","ROU","IND",0.011918054640761431
"RO42","ROU","IRO",1.4780259604474532e-4
"RO42","ROU","NFE",3.8089739631648288e-6
"RO42","ROU","NMM",0.010727461893515956
"RO42","ROU","PRO",0.00828421787713671
"RO42","ROU","SWD_INC",5.280149374217784e-5
"RO42","ROU","TRF",0.001399573290991173
"SE11","SWE","CHE",0.021456812182365777
"SE11","SWE","ENE",0.031231501665965444
"SE11","SWE","IND",0.004156957860560199
"SE11","SWE","NFE",2.800636100323924e-5
"SE11","SWE","NMM",0.0031327095718349236
"SE11","SWE","PRO",1.1477536224129527e-5
"SE11","SWE","REF",0.0019492274702356935
"SE11","SWE","SWD_INC",7.90191906877423e-4
"SE11","SWE","TRF",3.9352115828299866e-4
"SE12","SWE","CHE",0.018442149548559883
"SE12","SWE","ENE",0.020450643198336577
"SE12","SWE","IND",0.011740160175184337
"SE12","SWE","IRO",0.0034758822159635014
"SE12","SWE","NFE",1.557646586545164e-5
"SE12","SWE","NMM",0.008095260570084962
"SE12","SWE","PRO",2.2039615890092303e-5
"SE12","SWE","SWD_INC",0.0011903819090554224
"SE12","SWE","TRF",0.006068157924833474
"SE21","SWE","CHE",0.00520175823034243
"SE21","SWE","ENE",6.592115649977579e-4
"SE21","SWE","IND",0.0026055074884009885
"SE21","SWE","NFE",6.789560263488521e-6
"SE21","SWE","NMM",0.010392898474579812
"SE21","SWE","PRO",1.3127617657346572e-5
"SE21","SWE","SWD_INC",3.7525966386321756e-4
"SE21","SWE","TRF",9.540098869474276e-5
"SE22","SWE","CHE",0.01134489646023592
"SE22","SWE","ENE",0.0047600120459108265
"SE22","SWE","IND",0.002491983103999882
"SE22","SWE","NFE",1.480785743938617e-5
"SE22","SWE","NMM",0.001656365367153628
"SE22","SWE","PRO",1.5419122004012138e-4
"SE22","SWE","SWD_INC",5.955231357607817e-4
"SE22","SWE","TRF",2.0806714222865584e-4
"SE23","SWE","CHE",0.01452151044541186
"SE23","SWE","ENE",0.032515696472010934
"SE23","SWE","IND",0.003992369952173382
"SE23","SWE","NFE",1.8954106510178273e-5
"SE23","SWE","NMM",0.006500893356083542
"SE23","SWE","PRO",4.766895940727169e-4
"SE23","SWE","REF",0.007060542035943079
"SE23","SWE","SWD_INC",9.98696196269015e-4
"SE23","SWE","TRF",2.6632662399553883e-4
"SE31","SWE","CHE",0.005240939383065798
"SE31","SWE","ENE",6.688340274045631e-4
"SE31","SWE","IND",0.004598148076542125
"SE31","SWE","IRO",8.953407481983515e-4
"SE31","SWE","NFE",6.840701147563085e-6
"SE31","SWE","NMM",7.651860328461445e-4
"SE31","SWE","PRO",1.4768533545126064e-5
"SE31","SWE","SWD_INC",1.9300847234628385e-4
"SE31","SWE","TRF",9.611961517531254e-5
"SE32","SWE","CHE",0.0021805207471784598
"SE32","SWE","ENE",2.872159201446332e-4
"SE32","SWE","IND",0.0013971848643381138
"SE32","SWE","NFE",0.003918486811146524
"SE32","SWE","NMM",3.1835709506546436e-4
"SE32","SWE","PRO",1.407922100381977e-5
"SE32","SWE","SWD_INC",8.030222479401205e-5
"SE32","SWE","TRF",3.999108943224633e-5
"SE33","SWE","CHE",0.0031543989946123557
"SE33","SWE","ENE",0.01873763497570979
"SE33","SWE","IND",0.007369753234539179
"SE33","SWE","IRO",0.003305287842662389
"SE33","SWE","NFE",9.073485922884395e-6
"SE33","SWE","NMM",4.605433107638654e-4
"SE33","SWE","PRO",2.1123280812696603e-5
"SE33","SWE","SWD_INC",1.494033129917899e-4
"SE33","SWE","TRF",0.007671324774311031
"SI03","SVN","CHE",5.332100233788719e-4
"SI03","SVN","ENE",0.04458975418842253
"SI03","SVN","IND",0.005252157142792276
"SI03","SVN","IRO",2.070283628165738e-4
"SI03","SVN","NFE",0.0033104570874057334
"SI03","SVN","NMM",0.019888223752446216
"SI03","SVN","PRO",0.01385959260222957
"SI03","SVN","REF",0
"SI03","SVN","SWD_INC",1.4930966471327534e-4
"SI03","SVN","TRF",2.3288420053741317e-5
"SI04","SVN","CHE",6.795290595533294e-4
"SI04","SVN","ENE",0.006437212738650682
"SI04","SVN","IND",0.006456862777361635
"SI04","SVN","IRO",1.242159167401046e-4
"SI04","SVN","NFE",1.093903728167816e-5
"SI04","SVN","NMM",0.005235012800577782
"SI04","SVN","PRO",0.0032769998762137483
"SI04","SVN","SWD_INC",1.9028208678193904e-4
"SI04","SVN","TRF",1.2017087520462356e-6
"SK01","SVK","CHE",8.616583285595685e-4
"SK01","SVK","ENE",0.007234941795832928
"SK01","SVK","IND",0.003885067364430838
"SK01","SVK","NFE",0
"SK01","SVK","NMM",0.005432403154696022
"SK01","SVK","PRO",0.004452672110529222
"SK01","SVK","REF",0.017145957127107925
"SK01","SVK","SWD_INC",4.815735310107391e-5
"SK01","SVK","TRF",5.30865591238338e-5
"SK02","SVK","CHE",0.02579170223338876
"SK02","SVK","ENE",0.04183221739445805
"SK02","SVK","IND",0.010788105326276155
"SK02","SVK","NFE",0.0026964566311915563
"SK02","SVK","NMM",0.007719115901300512
"SK02","SVK","PRO",0.003347567170823096
"SK02","SVK","SWD_INC",1.1586806489315908e-4
"SK02","SVK","TRF",1.2789886164523345e-4
"SK03","SVK","CHE",0.004464269652548311
"SK03","SVK","ENE",0.004534927835974816
"SK03","SVK","IND",0.005923095619858051
"SK03","SVK","NFE",8.805569220168282e-4
"SK03","SVK","NMM",0.011069993443373895
"SK03","SVK","PRO",0.002778998503468758
"SK03","SVK","SWD_INC",8.558439248048764e-5
"SK03","SVK","TRF",1.0021660829954206e-4
"SK04","SVK","CHE",0.0032732569365249943
"SK04","SVK","ENE",0.03285251548291695
"SK04","SVK","IND",0.02927280143532447
"SK04","SVK","IRO",0.009929969137540254
"SK04","SVK","NFE",0
"SK04","SVK","NMM",0.018624789391254896
"SK04","SVK","PRO",0.0027449204141572073
"SK04","SVK","SWD_INC",1.0529625746727518e-4
"SK04","SVK","TRF",0.049215631413166254
